Sigla,País,Ano,Region,IncomeGroup,Continente,Cultural Demand,Cultural Resources,Geographic Dispersion,Natural Resources,Natural Demand,Non Leisure Resources,Non Leisure Demand,Openness to Tourism,Prioritization of Tourism,Air Transport Infrastructure,Ground and Port Infrastructure,T&T Employment Multiplier,T&T GDP Multiplier,T&T Government Expenditure - % of Government Budget,T&T High-Wage Jobs -  % of Employment in High Wage Sectors,Domestic T&T spending - % of Internal T&T Spending,T&T industry Share of GDP - % of total GDP,T&T industry GDP
AGO,Angola,2019,Sub-Saharan Africa,Lower middle income,AF,1.1384445,1.2096111,2.6071429,3.0034017,1.0575875,1.2705337,1.0529732,2.1996589,3.6185928,2.22603,1.8166639,4.7566565,4.6809241,1.672798,6.0759379,64.451124,1.352497,1328.002
AGO,Angola,2021,Sub-Saharan Africa,Lower middle income,AF,1.2086106,1.2021526,2.6071429,3.011914,1.0997298,1.2636805,1.1131511,2.2084694,3.1262098,2.2064826,1.9583175,5.6173789,5.0131621,1.676422,5.7219583,85.1203652,0.5739749,369.588315
AGO,Angola,2024,Sub-Saharan Africa,Lower middle income,AF,1.1664278,1.191607,2.5230717,3.100873,1.1083572,1.2496477,1.05702,2.5843277,2.3933536,2.25406,1.9829012,6.2045462,5.2249417,1.6800607,5.7219583,99.0601358,0.7961305,1005.79333
ALB,Albania,2019,Europe & Central Asia,Upper middle income,EU,1.2208273,1.2052068,5.2624998,1.9077514,1.5518937,1.4051846,1.1255942,3.5590383,4.9496682,2.6954833,3.0471975,4.2201703,4.3264594,3.3825064,1.7802365,22.9020123,8.795226,1378.579
ALB,Albania,2021,Europe & Central Asia,Upper middle income,EU,1.2366552,1.2216638,5.2624998,2.1092619,2.0189928,1.4304037,1.1388798,3.6090383,5.0150747,2.6687665,3.041096,3.6910468,3.6991532,3.4030114,1.7928266,24.9358413,4.5386486,668.4102
ALB,Albania,2024,Europe & Central Asia,Upper middle income,EU,1.3055977,1.2888994,5.1870885,2.1674231,2.2618698,1.5241848,1.2033823,4.5574842,5.1864565,3.2297083,3.3317614,3.0922551,3.0163349,3.4241256,1.7928266,19.9885609,9.384915,1703.39429
ARG,Argentina,2019,Latin America & Caribbean,Upper middle income,SA,2.747863,3.3536324,2.6623425,4.3764046,1.6530575,2.7112235,1.6657011,4.1825964,4.7092841,3.4950201,2.7002038,4.1604877,4.029897,2.497573,3.8031417,85.9870443,3.71984,19130.88
ARG,Argentina,2021,Latin America & Caribbean,Upper middle income,SA,2.3875526,3.3135548,2.6623425,4.4773149,1.9202529,2.6749055,1.8247584,4.1825964,4.5387672,3.0741338,2.8205476,4.5148442,4.0334779,2.5030513,3.9492271,91.7390297,2.3463077,8781.125
ARG,Argentina,2024,Latin America & Caribbean,Upper middle income,SA,2.19906,3.2914317,3.0053212,4.5222902,2.0116178,2.6647521,1.9293191,4.1614627,4.7709051,3.2096566,2.8305999,5.0971007,4.0402639,2.5083306,3.9492271,90.2508467,3.00608,18853.5786
ARM,Armenia,2019,Europe & Central Asia,Upper middle income,AS,1.3609421,1.4152355,3.5660377,1.4400925,1.0777887,1.2559177,1.2411255,4.0313683,4.6460152,3.0174815,2.8705686,5.4351137,5.2511238,3.2796634,1.5706456,17.1314856,3.928393,502.7543
ARM,Armenia,2021,Europe & Central Asia,Upper middle income,AS,1.3234391,1.5058598,3.5660377,1.474183,1.2044354,1.3608776,1.1868624,3.5890501,4.7547574,2.7408745,2.7767855,4.7664006,4.4493207,3.293362,1.9103494,32.7708779,1.2769558,169.443339
ARM,Armenia,2024,Europe & Central Asia,Upper middle income,AS,1.3026372,1.5006593,3.2368277,1.4840616,1.1923757,1.3863986,1.1354888,3.3308927,4.7651452,3.0463112,2.8111649,3.9045158,3.5565718,3.3071429,1.9103494,11.9202183,5.2590957,1021.10362
AUS,Australia,2019,East Asia & Pacific,High income,OC,3.4891475,3.4139536,3.4029851,6.2595994,3.2979969,5.4556681,4.537211,4.8147492,4.9774232,5.9392235,3.5142889,3.6526848,6.3626741,3.3927844,2.363441,76.1356719,3.004889,42562.39
AUS,Australia,2021,East Asia & Pacific,High income,OC,2.7115778,3.5778944,3.4029851,6.4452013,4.2260067,5.3966039,4.8750628,5.340823,4.8094004,4.8822724,3.6000073,3.606644,6.5875526,2.5783392,2.8071686,91.009535,1.5486933,20895.9522
AUS,Australia,2024,East Asia & Pacific,High income,OC,2.8333936,3.7750151,4.663676,6.4224087,4.1120434,5.0897251,4.0788867,4.8477847,4.8996883,5.2272454,3.6757644,3.6942485,7.0,2.6888876,2.8071686,95.6523009,1.7129606,28627.6436
AUT,Austria,2019,Europe & Central Asia,High income,EU,2.2131089,2.3616106,4.7086616,2.695276,4.2772674,3.1730714,1.8080007,4.7393031,5.0849429,4.7683696,5.1463961,1.6795767,2.4649765,3.8383018,1.7789515,53.537061,7.705976,35298.81
AUT,Austria,2021,Europe & Central Asia,High income,EU,2.2395321,2.5182163,4.7086616,2.942929,5.494553,3.2311933,1.7729801,4.7966269,5.0653269,4.2416344,5.2559808,1.0315458,1.8249865,3.0786593,1.8543271,45.0332231,3.6950092,15702.5366
AUT,Austria,2024,Europe & Central Asia,High income,EU,2.3604118,2.6484363,4.518358,3.0125342,5.7239366,3.3336425,1.9729375,4.8048094,5.4415045,4.491327,5.0221878,1.1380791,1.8976852,4.0385946,1.8543271,48.970517,5.081511,23597.1546
AZE,Azerbaijan,2019,Europe & Central Asia,Upper middle income,AS,1.1542453,2.005228,4.9923825,1.6162312,1.0413826,1.4074615,1.047111,3.8499968,4.7819028,3.3543196,4.2437978,5.2964651,5.2464898,2.8940374,3.338911,25.9420132,3.680031,1662.483
AZE,Azerbaijan,2021,Europe & Central Asia,Upper middle income,AS,1.1416645,2.2937495,4.9923825,1.6251313,1.0865141,1.4675535,1.0747337,3.8632127,4.5282052,2.9524114,4.2841856,4.822271,4.5844684,2.905419,3.7494072,65.9286901,1.0009062,450.364083
AZE,Azerbaijan,2024,Europe & Central Asia,Upper middle income,AS,1.1319585,2.4829896,4.9923825,1.841581,1.0958793,1.5329002,1.0655906,3.7042181,4.4984023,3.1522863,4.2869943,4.3208278,3.8970041,2.9168688,3.7494072,53.4588107,2.0584745,1216.2807
BEL,Belgium,2019,Europe & Central Asia,High income,EU,3.0634349,2.8825254,4.5918369,1.8900656,1.7353102,3.4537506,2.0373143,5.1791011,4.4668901,4.6449111,5.4403532,2.9173931,3.5702808,2.8702984,2.3071024,39.5800076,2.210837,11829.38
BEL,Belgium,2021,Europe & Central Asia,High income,EU,3.3853168,3.0629959,4.5918369,1.9047864,2.1513426,3.2980889,1.7381748,5.2298169,4.2209737,3.9655948,5.5080262,2.9435777,3.802836,2.3865256,2.3789357,62.0428563,1.2041338,6136.53946
BEL,Belgium,2024,Europe & Central Asia,High income,EU,2.8041607,3.1593735,4.3421041,1.9137759,2.0941763,3.1415783,1.5841891,5.2305457,4.0317138,4.3547082,5.3625047,3.0569804,4.1097952,2.7603963,2.3789357,68.2661062,1.7369591,9911.26251
BEN,Benin,2019,Sub-Saharan Africa,Lower middle income,AF,1.0334306,1.2500243,4.775701,2.3093279,1.0106358,1.0581205,1.0085812,3.4162621,3.1767223,2.1344835,2.5679142,3.8805988,3.8016988,2.9213122,4.9464888,55.3734539,2.040569,215.714
BEN,Benin,2021,Sub-Saharan Africa,Lower middle income,AF,1.0375133,1.251045,4.775701,2.3115585,1.0205185,1.057983,1.0080312,3.4074515,3.2802619,2.3350833,3.1030063,4.6974701,4.2648653,2.9404296,5.6172349,81.7048701,0.7910199,117.106691
BEN,Benin,2024,Sub-Saharan Africa,Lower middle income,AF,1.0454998,1.4447083,4.52425,2.3231055,1.0236947,1.0582133,1.0089525,3.3208878,2.6631987,2.4022345,3.3095015,5.0364013,4.3708908,2.9597378,5.6172349,49.8220857,1.4038875,235.624745
BGD,Bangladesh,2019,South Asia,Lower middle income,AS,1.2619751,1.6154938,3.1449275,2.1092936,1.1055398,2.0422533,1.1765093,2.3695523,3.6463299,2.9176757,3.7942104,2.6809499,2.8306233,2.3285494,1.9036136,96.7454116,2.203036,5937.544
BGD,Bangladesh,2021,South Asia,Lower middle income,AS,1.3270584,1.6317646,3.1449275,2.1138293,1.1288697,2.0877269,1.2164965,2.3695523,3.4815056,2.9943294,4.0289587,3.7104567,3.4978522,2.341825,1.9782558,97.3801196,0.6141374,2264.02617
BGD,Bangladesh,2024,South Asia,Lower middle income,AS,1.3341809,1.6335452,2.7763074,2.1383699,1.1277759,2.0889579,1.1475529,2.1165203,3.2260595,3.0820074,3.9475809,4.7548878,4.1621459,2.3552756,1.9782558,96.552291,0.9479679,4161.075
BGR,Bulgaria,2019,Europe & Central Asia,High income,EU,1.4306985,2.066008,3.4516129,2.772584,1.7327796,1.9698672,1.3740486,4.6579077,4.8376335,3.6853847,3.5113932,5.65923,6.389867,3.004258,1.7724658,15.5089085,3.105984,2026.921
BGR,Bulgaria,2021,Europe & Central Asia,High income,EU,1.3965256,2.0574647,3.4516129,2.8138753,1.9301565,1.926569,1.3975408,4.7152315,4.6585764,3.2935082,3.5943484,5.0617633,6.4114472,3.0229424,1.8873965,26.7968828,1.2623867,862.397
BGR,Bulgaria,2024,Europe & Central Asia,High income,EU,1.3707162,2.1010124,3.5118509,2.822776,1.8902644,1.8394427,1.246821,4.7292283,4.5198413,3.529465,3.5435601,4.4031057,6.3564207,3.0418064,1.8873965,17.1724775,1.8385041,1531.7148
BHR,Bahrain,2019,Middle East & North Africa,High income,AS,1.4913893,1.2228473,4.4180856,1.1152834,1.1264171,3.0374521,1.2522495,3.2882928,4.2101325,4.4950236,4.4959473,2.6788378,3.1830573,3.4378492,3.5449299,15.5697388,5.996256,2562.527
BHR,Bahrain,2021,Middle East & North Africa,High income,AS,1.421237,1.4469759,4.4180856,1.1332706,1.2163532,2.9586349,2.3770983,3.3147245,4.9115216,3.7509228,4.5920624,2.8642043,3.4101823,3.4602244,3.9204735,18.0194248,2.5509176,843.733
BHR,Bahrain,2024,Middle East & North Africa,High income,AS,1.4165348,1.5458004,4.4113514,1.2213575,1.1951043,2.423291,1.2032999,3.5667234,4.8568637,4.4648321,4.5074106,3.1044052,3.7016597,3.482816,3.9204735,12.25175,5.0477095,2320.431
BIH,Bosnia and Herzegovina,2019,Europe & Central Asia,Upper middle income,EU,1.3372327,1.3593082,3.0272727,1.3709809,1.0924908,1.3372758,1.0025865,3.5462286,4.5631134,2.332162,2.4139526,5.3979894,5.565368,1.6616344,3.4547374,36.7466108,2.758169,541.3801
BIH,Bosnia and Herzegovina,2021,Europe & Central Asia,Upper middle income,EU,1.1628733,1.532385,3.0272727,1.69912,1.1951859,1.337681,1.0042073,3.5962286,3.7517359,2.2004678,2.4687139,4.9699798,4.7974699,1.6670279,3.4345373,52.0186842,1.2582349,247.83659
BIH,Bosnia and Herzegovina,2024,Europe & Central Asia,Upper middle income,EU,1.1778765,1.5861358,3.1943214,1.7399893,1.2173229,1.3299362,1.0089259,4.6319953,2.8241528,2.5205395,2.565924,4.4962805,4.1283974,1.6724585,3.4345373,31.4005425,2.7533042,691.5461
BOL,Bolivia,2019,Latin America & Caribbean,Lower middle income,SA,1.5644255,2.207773,2.2319064,3.5834838,1.2528757,1.5300915,1.2283317,3.4645129,3.9289119,2.2541962,2.2127268,3.5179974,3.5749099,2.8997026,2.9585259,54.6366624,2.742922,1115.129
BOL,Bolivia,2021,Latin America & Caribbean,Lower middle income,SA,1.3373153,2.2009955,2.2319064,3.6097107,1.3841348,1.5175539,1.1781814,3.4733235,4.1891976,2.2552719,2.401184,3.9350904,3.7198087,2.9070352,3.517732,76.3623075,1.0940319,411.815137
BOL,Bolivia,2024,Latin America & Caribbean,Lower middle income,SA,1.2760492,2.235679,2.6801108,3.6467825,1.4578757,1.5522381,1.1429422,3.4770805,3.765269,2.3067433,2.3760736,4.407542,3.9084728,2.9143956,3.517732,61.6077457,1.859955,874.702454
BRA,Brazil,2019,Latin America & Caribbean,Upper middle income,SA,4.5184445,5.4629444,3.1702127,6.1382825,2.6914126,4.2331267,2.738614,4.6055367,4.4552212,4.0058235,2.455576,4.6085274,4.4201394,2.7302026,3.9050583,93.7743155,2.966568,55845.52
BRA,Brazil,2021,Latin America & Caribbean,Upper middle income,SA,3.6135068,5.4908767,3.1702127,6.2291069,3.1455345,4.2262687,2.1946561,4.6055367,4.3093958,3.7727805,2.7286051,5.499737,4.8897703,2.7381614,3.9269088,94.3506002,1.6815974,23642.5018
BRA,Brazil,2024,Latin America & Caribbean,Upper middle income,SA,3.3974747,5.4368687,3.0637045,6.1906723,2.9533615,4.3747783,2.2322721,4.6925879,4.1621131,3.8842379,2.7267206,6.1254845,5.1592781,2.7462133,3.9269088,95.1139114,2.4805558,46116.27
BRB,Barbados,2019,Latin America & Caribbean,High income,SA,1.4017454,1.1254364,3.25,1.2282221,1.430076,1.0491943,1.0433194,3.994462,5.9150576,4.0611022,4.1160594,4.0596929,4.632277,7.0,1.6239276,9.9979133,11.08279,514.008
BRB,Barbados,2021,Latin America & Caribbean,High income,SA,1.3063732,1.1015933,3.25,1.2500824,1.5393776,1.0516677,1.0532133,4.0076779,5.740183,4.0615791,3.9572632,3.8010776,4.2954879,7.0,1.8033956,12.7756087,6.561017,267.174751
BRB,Barbados,2024,Latin America & Caribbean,High income,SA,1.2929664,1.0982416,3.06667,1.2553499,1.4829033,1.0696952,1.0548799,4.6076069,5.5207972,4.0671872,3.854286,3.6318092,4.0315543,7.0,1.8033956,11.5794883,8.071211,440.384626
CAN,Canada,2019,North America,High income,,3.7201806,2.9425452,4.4099617,5.5787823,4.224946,6.274193,6.6162697,4.0040662,4.8979902,6.0260398,3.7599912,2.0334635,5.3708042,3.5968834,2.6629877,76.2758491,1.959602,33995.69
CAN,Canada,2021,North America,High income,,2.5544263,2.6761066,4.4099617,5.6600367,4.6312181,6.4543576,7.0,4.0134412,4.6443556,4.8783633,3.8046109,2.2242626,5.4495642,2.8257559,3.0908159,81.1639614,0.9341536,15336.8311
CAN,Canada,2024,North America,High income,,2.641596,2.8895657,4.7728752,5.6005175,4.296214,6.3776002,7.0,4.0009777,4.5504174,5.366735,3.7405918,2.6093978,5.4337786,3.4686556,3.0908159,78.41328,1.5960174,33968.6279
CHE,Switzerland,2019,Europe & Central Asia,High income,EU,2.3883614,1.9720903,4.1976743,2.5390542,3.1423942,4.5164353,2.3576809,4.6594809,5.6864261,6.3088274,6.2520386,4.8657988,5.2953762,5.121529,2.0536279,56.4221587,2.694272,19079.06
CHE,Switzerland,2021,Europe & Central Asia,High income,EU,2.2862224,2.1465556,4.1976743,2.9901204,4.2414835,4.461012,2.1870816,4.6726968,5.3495656,4.8995722,6.2543501,4.2298138,4.6968368,4.2956572,2.1701513,72.31104,1.6796216,12554.2345
CHE,Switzerland,2024,Europe & Central Asia,High income,EU,2.3735802,2.168395,4.3913382,3.1216218,4.76726,4.3870242,1.8828053,4.6667938,5.4407681,5.5436166,6.241752,3.7221883,4.3713593,4.76324,2.1701513,57.8968835,2.2504947,18139.2918
CHL,Chile,2019,Latin America & Caribbean,High income,SA,2.5964294,2.115774,3.2857144,3.1865626,2.2621235,3.6677145,2.5011056,4.2125645,4.8726151,3.7166381,3.3774831,4.3917428,5.1504012,3.5197222,5.1466782,80.4960266,3.16978,9401.259
CHL,Chile,2021,Latin America & Caribbean,High income,SA,2.0460251,2.1698396,3.2857144,3.2177354,2.4179871,3.393111,2.1708835,4.2125645,5.2602502,3.3461448,3.5249232,4.7018249,5.5123984,3.530344,5.5104119,94.6880241,1.8842758,4724.366
CHL,Chile,2024,Latin America & Caribbean,High income,SA,1.9191457,2.1881198,3.3383999,3.2000197,2.2725162,3.2695779,1.4683334,4.7107102,5.3280202,3.5400613,3.4580884,4.6966433,5.5629017,3.5410244,5.5104119,86.140698,2.9671125,8995.502
CHN,China,2019,East Asia & Pacific,Upper middle income,AS,6.7275274,6.9318818,5.1190476,6.2740916,3.3704581,6.196332,7.0,3.8652786,4.7584107,5.0565974,4.0301499,3.9361825,6.7227521,3.4255438,3.3499405,85.7690299,2.785737,382287.3
CHN,China,2021,East Asia & Pacific,Upper middle income,AS,5.5288817,6.6322204,5.1190476,6.1886078,2.9430391,6.199375,6.7724576,3.918142,4.4734604,5.3009232,4.6715935,4.006699,7.0,3.4481719,3.7176097,88.0255505,1.0721933,157864.99
CHN,China,2024,East Asia & Pacific,Upper middle income,AS,5.3446084,6.5861521,5.1212128,6.1952605,2.9763025,5.7897528,5.0718051,3.8913993,3.8358641,5.2646453,4.5716163,3.8773971,7.0,3.4710086,3.7176097,90.9256121,0.7795265,139510.986
CIV,Cote d'Ivoire,2019,Sub-Saharan Africa,Lower middle income,AF,1.0329782,1.3332445,3.7512953,3.1149456,1.0130042,1.2746736,1.0160222,2.8663215,1.8103848,2.5727647,2.7933953,2.5890831,2.7899677,1.898452,1.7449465,87.032137,4.757365,2167.403
CIV,Cote d'Ivoire,2021,Sub-Saharan Africa,Lower middle income,AF,1.0348094,1.3587023,3.7512953,3.1213406,1.0418571,1.2754603,1.0191691,2.8575109,1.8133707,2.5467803,3.0664519,3.1722752,3.1082212,1.9074097,1.7506851,89.34511,1.9028661,838.531435
CIV,Cote d'Ivoire,2024,Sub-Saharan Africa,Lower middle income,AF,1.0371832,1.3592958,4.3981063,3.1417872,1.0548487,1.2591517,1.0175028,2.8906867,2.3088903,2.5351285,3.2623173,3.7796219,3.4442052,1.9164525,1.7506851,93.355772,1.9213656,1345.55924
CMR,Cameroon,2019,Sub-Saharan Africa,Lower middle income,AF,1.0657289,1.3664322,3.6507936,3.2896033,1.0524899,1.3748378,1.0418631,1.6881187,2.6787053,2.1761097,2.5356224,3.1888119,3.2195875,2.095216,4.7149783,76.6792736,3.301267,1278.543
CMR,Cameroon,2021,Sub-Saharan Africa,Lower middle income,AF,1.0665937,1.3666484,3.6507936,3.3122657,1.1618734,1.4079506,1.0401042,1.6969292,2.6469034,2.0219218,2.6368345,3.9258257,3.6610341,2.1052722,4.9169714,86.5581826,1.5451226,612.5246
CMR,Cameroon,2024,Sub-Saharan Africa,Lower middle income,AF,1.0758641,1.368966,4.026182,3.3700042,1.206329,1.42904,1.034572,1.7258471,2.5136237,2.2193293,2.748918,4.5693396,4.0233728,2.1154218,4.9169714,73.3745666,2.4978778,1123.72327
COL,Colombia,2019,Latin America & Caribbean,Upper middle income,SA,3.5316212,3.262072,3.0526316,5.0898781,2.0119755,3.9455545,3.7041859,4.4067232,3.8202369,3.437297,2.5462447,2.8909868,4.1334416,2.2312588,4.500809,57.657212,1.92212,6518.768
COL,Colombia,2021,Latin America & Caribbean,Upper middle income,SA,2.5163886,3.4415971,3.0526316,5.2042764,2.5136512,3.5526155,2.6245917,4.426547,4.0048872,3.3402271,2.6950574,3.1578035,4.2943599,2.233429,4.3808602,55.1072526,0.774931,2081.52056
COL,Colombia,2024,Latin America & Caribbean,Upper middle income,SA,2.3682608,3.7878985,3.6943966,5.2008754,2.5141189,3.3978825,2.4675137,4.4440605,4.0496613,3.7027963,2.8044537,2.1426622,3.1132103,2.2356242,4.3808602,34.1270656,2.2680829,7464.26725
CRI,Costa Rica,2019,Latin America & Caribbean,High income,SA,1.9092028,1.4023007,4.25,3.8170193,3.6295191,2.1171767,2.4124297,4.1062564,5.1952377,3.301026,2.8590886,3.1600141,3.6281953,4.81438,3.1515464,35.1903706,5.070607,3038.012
CRI,Costa Rica,2021,Latin America & Caribbean,High income,SA,1.4731226,1.4599473,4.25,3.8255578,3.265662,1.8340607,2.0257408,4.0996485,5.6657112,3.1759002,3.2692596,3.7108025,3.7506597,4.8457699,3.8394522,45.2222742,1.9546146,1166.00192
CRI,Costa Rica,2024,Latin America & Caribbean,High income,SA,1.4889102,1.4638942,4.3496858,4.1685874,3.2751457,1.8749849,2.1894376,4.0833526,5.6790642,3.4831433,3.1309733,3.5271267,3.3805286,4.871441,3.8394522,32.2722435,3.8183193,2485.296
CYP,Cyprus,2019,Europe & Central Asia,High income,EU,1.5775173,1.4693793,4.0263157,1.4741138,1.8994032,2.2830936,1.3778674,4.7127469,6.3686595,5.1587603,3.8241359,4.958765,4.6025178,6.656437,2.0904189,8.6480076,6.858777,1669.994
CYP,Cyprus,2021,Europe & Central Asia,High income,EU,1.7403002,1.5600751,4.0263157,1.7252546,2.0879847,2.9050775,1.3693324,4.7700707,6.0824891,4.0862937,3.736439,5.1663143,4.7514692,6.6924574,2.9328466,19.3993899,1.1293,270.901978
CYP,Cyprus,2024,Europe & Central Asia,High income,EU,1.7598487,1.6149622,4.0214571,1.736608,2.07107,2.3433563,1.1870482,4.784031,5.3417364,4.9460702,3.5858843,3.1153217,3.6906487,6.7287262,2.9328466,10.9805239,5.517393,1509.20033
CZE,Czechia,2019,Europe & Central Asia,High income,EU,1.4118303,2.0362909,3.3909092,1.7957146,1.3200311,2.3611045,1.6729088,5.0079198,4.2999415,4.09617,5.1382113,1.6472163,4.04734,3.2434546,1.1018871,42.8001382,2.668901,6544.42
CZE,Czechia,2021,Europe & Central Asia,High income,EU,1.369673,2.1507516,3.3909092,2.0094897,1.3888181,2.2991872,1.4679616,5.0586356,5.0034911,3.5518527,5.0365202,1.387026,3.5023236,3.2587434,1.1192485,55.9224809,1.6786467,4081.70938
CZE,Czechia,2024,Europe & Central Asia,High income,EU,1.3015789,2.2587281,2.7524861,2.0105642,1.2956853,2.2540196,1.2897638,5.0594089,5.1290298,3.6772457,5.010339,1.0262886,3.2862072,3.2741133,1.1192485,70.9742315,1.6678668,4862.413
DEU,Germany,2019,Europe & Central Asia,High income,EU,7.0,5.7833333,4.3225808,3.2274184,3.0282183,5.5500161,6.253455,5.0443136,4.938405,5.7996109,5.717495,1.1506396,3.8821562,3.183652,1.8107674,85.1862887,3.458865,138987.8
DEU,Germany,2021,Europe & Central Asia,High income,EU,7.0,6.1666667,4.3225808,3.4377952,4.0811804,5.1125423,4.4927481,5.0575295,4.8104149,5.0920712,5.4018627,1.0971257,4.0155408,2.6792856,1.8512059,88.3564416,1.9246279,72999.38
DEU,Germany,2024,Europe & Central Asia,High income,EU,7.0,6.2666667,4.626481,3.4679413,4.1283646,5.2674039,5.0019912,5.0454535,5.1887543,5.3504094,5.3413231,1.1780959,4.2425606,3.4399808,1.8512059,90.8878409,3.2510247,130040.009
DNK,Denmark,2019,Europe & Central Asia,High income,EU,2.145715,1.7280954,3.5555556,2.5906047,2.3461404,3.6093176,1.5183052,5.1237254,4.5874451,5.4060516,5.4385736,5.1629843,5.3386786,2.4365866,2.8369785,57.3832323,2.367719,8221.427
DNK,Denmark,2021,Europe & Central Asia,High income,EU,2.2313168,1.9161625,3.5555556,2.7082133,2.9354129,3.4960098,1.5020483,5.1678333,4.2627989,4.2109656,5.5400522,4.4795982,4.7028252,2.1752578,2.9135749,69.6166594,1.6796448,5829.88358
DNK,Denmark,2024,Europe & Central Asia,High income,EU,2.1676941,2.0252569,3.5893685,2.7627164,3.1271729,3.3702388,1.422448,5.1619403,3.7659608,4.7568237,5.5253592,3.8360465,4.0559879,2.401,2.9135749,60.4993576,2.141825,8547.482
DOM,Dominican Republic,2019,Latin America & Caribbean,Upper middle income,SA,1.4102347,1.2775587,3.3285713,2.2022244,1.5794889,1.7998038,2.5199262,4.1691375,6.1166149,3.9741788,3.1624827,5.0725226,4.9671204,7.0,3.9119655,24.5145198,5.414271,4381.377
DOM,Dominican Republic,2021,Latin America & Caribbean,Upper middle income,SA,1.3114567,1.4695309,3.3285713,2.2166847,1.6518986,1.6160851,1.7850514,4.2021772,6.1365236,3.8060809,3.3878797,5.3515104,5.0649765,7.0,4.5895002,28.131353,2.268736,1682.49166
DOM,Dominican Republic,2024,Latin America & Caribbean,Upper middle income,SA,1.3098503,1.4691292,3.1359947,2.2492868,1.6713619,1.6276536,1.7856052,4.1981792,5.834264,4.3016744,3.2683552,5.0305034,5.0174515,7.0,4.5895002,26.2340053,5.0386558,5615.938
DZA,Algeria,2019,Middle East & North Africa,Upper middle income,AF,1.157912,2.051978,2.33333,2.5214982,1.1072497,1.8554984,1.0712143,2.4674501,3.3094665,2.7558336,2.7375306,2.7537547,2.9216419,1.6833772,5.6055088,97.6419509,3.201,5544.058
DZA,Algeria,2021,Middle East & North Africa,Upper middle income,AF,1.1356985,2.0964246,2.33333,2.4578412,1.2058421,1.9063865,1.0620218,2.480666,3.4365298,2.5971836,2.9155701,3.8596999,3.6193702,1.6868757,5.5777659,99.1983029,1.2307619,1615.47244
DZA,Algeria,2024,Middle East & North Africa,Upper middle income,AF,1.1509325,2.2002331,2.5785697,2.4742144,1.2288901,1.9364233,1.0828536,2.4940991,3.6921789,2.6600664,2.8014241,4.7572358,4.1627977,1.6901068,5.5777659,97.84774,2.1154385,4024.57476
ECU,Ecuador,2019,Latin America & Caribbean,Upper middle income,SA,1.3491784,1.8956279,3.0459771,4.0819772,1.4071437,2.200433,1.1969406,3.7727811,4.5454242,2.8696468,2.9906551,2.1271837,2.757624,1.7120254,2.540527,30.7699019,2.756982,2929.418
ECU,Ecuador,2021,Latin America & Caribbean,Upper middle income,SA,1.3260464,2.0565116,3.0459771,4.1479986,1.7300263,2.1562532,1.191107,3.7868436,4.3894008,2.8963762,2.9371047,2.0764556,2.5720568,1.7175622,2.7189542,41.0085707,0.9352117,933.659434
ECU,Ecuador,2024,Latin America & Caribbean,Upper middle income,SA,1.3443574,2.1110893,3.1770944,4.1914213,1.7032915,2.1821453,1.2675309,3.6518679,4.4500385,3.0127114,2.8413423,1.8040875,2.2736507,1.568773,2.7189542,34.0877397,2.2137826,2450.15478
EGY,Egypt,2019,Middle East & North Africa,Lower middle income,AF,4.4976388,2.757743,4.4837255,2.9871264,1.6387398,2.2740118,1.3319848,2.9699656,5.7791977,4.1713942,3.4542517,1.4901342,1.7041302,5.7009772,4.2165659,44.5560882,6.19939,15418.49
EGY,Egypt,2021,Middle East & North Africa,Lower middle income,AF,5.1089599,3.0105733,4.4837255,3.0788307,2.0974796,2.369897,1.5407747,2.9831814,6.0109891,4.0638359,3.8212284,1.0,1.3284556,5.856643,4.5024275,65.1775592,2.522208,9477.736
EGY,Egypt,2024,Middle East & North Africa,Lower middle income,AF,5.3864833,3.1799542,4.3206221,3.1079371,2.1662017,2.3948595,1.4809422,3.085937,5.8654208,4.5802409,3.8547749,1.0,1.0,5.8860514,4.5024275,46.9792683,5.286265,22029.1843
ESP,Spain,2019,Europe & Central Asia,High income,EU,6.0128625,6.2198823,3.3069308,4.5808824,4.1644374,4.9073553,4.9795482,4.9597071,5.8227139,6.1976376,4.9199547,4.2145812,3.824041,4.8919912,2.5846889,44.7734142,5.416776,78464.02
ESP,Spain,2021,Europe & Central Asia,High income,EU,6.2941469,6.6235367,3.3069308,5.050275,6.3561346,4.8380123,4.5852332,5.0170308,5.2625808,5.2707418,4.9556833,4.2337684,3.7442847,3.4244152,2.6723227,63.2305701,2.2045758,28183.7521
ESP,Spain,2024,Europe & Central Asia,High income,EU,6.3718868,6.6429717,3.58303,4.953871,5.8451645,4.8059293,4.4487887,5.0112309,5.7250578,6.0568662,4.9238397,4.2946486,3.6968273,5.3962776,2.6723227,46.5885422,5.4579997,74873.1155
EST,Estonia,2019,Europe & Central Asia,High income,EU,1.1798991,1.4616415,2.9729729,1.5684245,1.135078,1.6277064,1.6174686,4.0792889,5.9034903,2.9153229,4.6655356,6.2072542,5.9152848,6.048325,1.6362228,24.9489126,3.768171,1110.58
EST,Estonia,2021,Europe & Central Asia,High income,EU,1.2054411,1.6346936,2.9729729,1.6042713,1.2885899,1.5512744,2.0076439,4.14691,5.8938179,2.4990583,4.7003407,6.1688689,4.7197603,6.0952774,1.9213041,44.0112064,2.1555934,678.1215
EST,Estonia,2024,Europe & Central Asia,High income,EU,1.1995576,1.8498894,3.4855568,1.604188,1.2517602,1.4317672,1.4907205,4.1478468,5.7033945,2.8287223,4.6289537,6.0357937,3.5258463,6.1426708,1.9213041,38.2064653,3.599629,1357.00631
FIN,Finland,2019,Europe & Central Asia,High income,EU,1.5365388,1.5008014,3.3263159,2.3022567,2.0245655,3.4332997,1.489077,4.6708856,5.0062526,4.9409649,4.4647845,7.0,7.0,2.8168048,2.3451403,71.9143793,2.04107,5628.97
FIN,Finland,2021,Europe & Central Asia,High income,EU,1.4658776,1.6998027,3.3263159,2.3905297,2.5394442,3.5428653,1.5068137,4.7149935,4.7033088,3.9334506,4.4437542,6.7914144,6.619174,2.3489613,2.5194421,84.7550246,1.2937638,3491.532
FIN,Finland,2024,Europe & Central Asia,High income,EU,1.4889226,1.805564,3.6189308,2.4079162,2.533063,3.5637986,1.3781105,4.7091131,4.4828305,4.2576514,4.4101486,5.7282431,5.7230364,2.696336,2.5194421,78.1432673,2.0600534,5819.091
FRA,France,2019,Europe & Central Asia,High income,EU,6.6057315,5.9180996,4.0441175,4.8837709,4.8669655,5.135564,4.7078909,4.6968546,4.840091,5.6818868,5.4141384,2.2861735,3.2261025,2.8157848,1.8356666,65.6693671,3.929096,109404.9
FRA,France,2021,Europe & Central Asia,High income,EU,5.3699568,5.9424892,4.0441175,5.3979994,5.8669438,5.0234545,4.0663104,4.7409625,4.3267862,5.0900698,5.4320772,2.0467963,3.1319948,2.3080588,1.8631379,67.0569908,2.0107296,52230.8769
FRA,France,2024,Europe & Central Asia,High income,EU,5.2602318,6.2483913,4.1906481,5.4093315,5.8126314,5.0671821,4.266694,4.7485801,4.9283926,5.4861352,5.3113798,1.7434117,3.0545567,2.9153223,1.8631379,68.1370686,3.5869636,98451.39
GBR,United Kingdom,2019,Europe & Central Asia,High income,EU,5.8807526,5.8826881,3.2970297,4.1288249,5.4846807,6.4528564,7.0,4.9153226,4.6190273,6.2957616,5.276335,2.8402086,4.6107782,2.812912,2.0715011,84.4218692,3.709381,105283.6
GBR,United Kingdom,2021,Europe & Central Asia,High income,EU,2.6946678,5.161167,3.2970297,3.5835861,2.4676731,5.7014269,4.490904,4.9219305,4.4880093,5.2899349,5.1768733,2.9479774,4.9192151,2.0940199,2.0497174,85.3650278,1.3144461,35732.14
GBR,United Kingdom,2024,Europe & Central Asia,High income,EU,5.466173,5.8290432,4.3534752,3.9645141,4.3033872,6.2228018,7.0,4.9578342,4.1654034,5.85474,5.1273828,2.8307076,5.0778197,2.9329504,2.0497174,84.6934562,3.1246908,95549.7055
GEO,Georgia,2019,Europe & Central Asia,Upper middle income,AS,2.2542759,1.688569,4.7941175,1.8357635,2.4502762,1.7325274,2.2051005,4.4528478,4.946146,3.3251108,3.4611145,4.7882119,4.6920069,3.0488932,3.6537801,23.1984737,10.09112,1703.475
GEO,Georgia,2021,Europe & Central Asia,Upper middle income,AS,1.4665553,1.4916388,4.7941175,1.9280892,1.8194804,1.5533159,1.2755095,4.4969557,5.0524711,3.0156069,3.8313099,3.9280102,3.8130438,3.0612054,3.4668269,56.3349059,3.4596376,557.885468
GEO,Georgia,2024,Europe & Central Asia,Upper middle income,AS,1.4027541,1.8090219,5.0893936,2.052437,2.2147438,1.5577952,1.2492567,4.5047483,4.6841627,3.3500254,3.9163634,3.0440787,2.9118073,3.0735913,3.4668269,34.9634476,9.275968,2349.766
GHA,Ghana,2019,Sub-Saharan Africa,Lower middle income,AF,1.2621092,1.2155273,3.5402298,2.2991392,1.1431179,1.6343269,1.1805674,3.0224506,3.5171854,2.5783182,2.5889907,3.1732963,3.240665,3.04855,2.2252578,64.5301743,2.336369,1496.546
GHA,Ghana,2021,Sub-Saharan Africa,Lower middle income,AF,1.3488594,1.2372148,3.5402298,2.3164928,1.2413863,1.5601973,1.1843851,3.0136401,3.6416857,2.5181445,2.7990724,4.1797853,3.8720998,3.06682,2.2253078,74.0517433,0.9849112,647.5252
GHA,Ghana,2024,Sub-Saharan Africa,Lower middle income,AF,1.34771,1.2369275,3.9962072,2.3338266,1.2702986,1.5642355,1.1369701,2.2139895,3.5268597,2.584962,2.8777142,4.5828292,4.185519,3.0852423,2.2253078,66.6734538,1.8859358,1267.52388
GRC,Greece,2019,Europe & Central Asia,High income,EU,3.8218197,2.7304549,3.909091,2.9969708,2.9531262,3.2910086,1.7227549,4.7605191,5.7929384,5.3049638,3.7233721,2.3444912,3.4370304,5.8313302,3.0703119,34.0277728,8.477209,18309.94
GRC,Greece,2021,Europe & Central Asia,High income,EU,3.3760888,2.7690222,3.909091,3.022264,3.0797858,3.0780155,1.5747423,4.804627,5.5222464,4.494173,3.8415383,3.3647568,3.7886813,5.8603612,3.3711814,54.3797655,3.0430272,5892.19666
GRC,Greece,2024,Europe & Central Asia,High income,EU,3.3756613,3.010582,4.1799748,3.0288927,3.0400384,3.3338555,1.2800196,4.7988071,5.4296475,5.5193583,3.7278547,3.921202,3.9569783,5.8895674,3.3711814,36.1745687,7.2489953,15409.524
GTM,Guatemala,2019,Latin America & Caribbean,Upper middle income,SA,1.4157426,1.3664357,2.97,2.738727,1.5124533,1.5022805,1.3179281,3.8226502,4.9302743,2.5316896,2.2310576,4.2096001,4.1766266,3.8797588,4.663056,58.8270372,2.714602,2148.192
GTM,Guatemala,2021,Latin America & Caribbean,Upper middle income,SA,1.3633454,1.3533364,2.97,2.7484934,1.5626058,1.5362359,1.2493496,3.8226502,4.6166283,2.3826566,2.3016483,4.9167321,4.5098456,3.900641,5.1642046,82.1511363,0.8682303,655.4894
GTM,Guatemala,2024,Latin America & Caribbean,Upper middle income,SA,1.408776,1.439694,3.0656095,2.7769397,1.4814873,1.5608064,1.1941742,3.8247533,4.1919194,2.5037123,2.2925738,5.31009,4.6128955,3.9221038,5.1642046,73.1135679,1.7857175,1685.309
HND,Honduras,2019,Latin America & Caribbean,Lower middle income,SA,1.2923688,1.2480922,2.6034484,2.7676846,1.2209667,1.3930192,1.0548588,2.797009,5.1217587,2.4698824,2.5238685,4.1675606,4.1383995,3.5141806,3.0657135,69.1559927,5.292817,1285.874
HND,Honduras,2021,Latin America & Caribbean,Lower middle income,SA,1.2644524,1.2411131,2.6034484,2.7785157,1.2650718,1.3935335,1.0569159,2.7793879,4.9400002,2.3028917,2.4393261,4.7281182,4.351159,3.532879,3.00864,87.1012818,2.039295,490.739048
HND,Honduras,2024,Latin America & Caribbean,Lower middle income,SA,1.2838999,1.245975,2.7980282,2.8057972,1.2682772,1.4191903,1.0410175,2.8065766,4.7311296,2.5144741,2.4334724,4.771264,4.1796642,3.552094,3.00864,78.3962452,3.7280636,1163.87379
HRV,Croatia,2019,Europe & Central Asia,High income,EU,2.5928779,2.3482195,3.7769444,3.459858,6.5355541,1.7334924,1.3134169,4.6204355,4.399677,3.8881171,3.8862272,2.2324326,2.8918624,1.8110032,2.5415603,14.4584949,10.93028,6685.057
HRV,Croatia,2021,Europe & Central Asia,High income,EU,2.3455796,2.2863949,3.7769444,3.5547572,7.0,1.6803544,1.2975499,4.6843672,4.6761587,3.1522949,3.8516791,2.0559835,2.8941948,1.8158764,2.6287786,15.9279492,4.459893,2472.06545
HRV,Croatia,2024,Europe & Central Asia,High income,EU,2.1806574,2.2451643,3.7769444,3.5397554,6.8563003,1.6660068,1.2401594,4.6983292,4.8354701,3.6827674,3.8517621,1.7035625,2.7246805,1.8207791,2.6287786,13.0908409,12.2283564,8550.145
HUN,Hungary,2019,Europe & Central Asia,High income,EU,1.6247672,1.9478585,2.7160494,1.9329167,1.2942822,2.7184188,1.8595535,4.6482939,5.298404,3.531194,4.8815045,1.5138752,5.2533462,4.1831032,1.2466501,23.8900493,2.591651,4021.189
HUN,Hungary,2021,Europe & Central Asia,High income,EU,1.6104928,2.1109565,2.7160494,1.9695741,1.4776707,2.5890348,1.633224,4.7056176,5.4386574,3.3657539,4.8940941,1.7215956,5.3928823,4.2047977,1.24606,29.7256329,1.0850642,1655.37941
HUN,Hungary,2024,Europe & Central Asia,High income,EU,1.5697909,2.2007811,3.4191731,1.9717479,1.3995593,2.5730464,1.5156782,4.7129977,5.3637299,3.6820509,4.9383263,1.8804066,5.0512148,4.2266524,1.24606,25.1027933,2.3073676,4116.028
IDN,Indonesia,2019,East Asia & Pacific,Upper middle income,AS,1.575747,3.4272701,4.8141575,5.4050814,1.7913328,3.0710962,1.5655071,4.1761739,6.2533412,4.4307603,3.5138598,3.5214259,4.8849327,6.6192814,5.2118797,56.5227558,1.896454,19773.11
IDN,Indonesia,2021,East Asia & Pacific,Upper middle income,AS,1.6244124,3.7311031,4.8141575,5.4626611,2.0797027,2.9723379,1.5004088,4.3093444,6.2686616,4.4523448,3.9301243,3.8570095,5.2788127,6.6599386,6.1137142,78.3781029,0.925427,9856.304
IDN,Indonesia,2024,East Asia & Pacific,Upper middle income,AS,1.661864,3.9821327,4.7912242,5.4334865,1.9338298,3.0619142,1.2924091,3.8300928,6.0301678,4.3446017,3.9712665,3.8258946,6.5665427,6.7003276,6.1137142,74.2981211,1.1420581,15041.0938
IND,India,2019,South Asia,Lower middle income,AS,4.9625198,5.37813,3.7680609,5.6934113,2.575964,5.7587725,5.1623766,4.1848242,4.0078729,4.8994072,4.4980401,1.0,3.9424642,1.6046926,6.6038501,87.1959954,3.601763,96427.4
IND,India,2021,South Asia,Lower middle income,AS,3.5518584,5.3712979,3.7680609,5.7224787,2.5186683,5.2226158,3.3750503,4.1782162,4.0384975,4.6742198,4.4146955,1.5553053,4.2204133,1.6095443,7.0,88.9934594,1.633145,42082.75
IND,India,2024,South Asia,Lower middle income,AS,3.6976902,5.6244226,3.8677009,5.7953318,2.5800312,5.0475599,2.6964977,4.132413,4.1106766,4.5912035,4.4320595,2.1392338,4.5228676,1.6143739,7.0,88.360608,2.0349505,68475.3342
IRL,Ireland,2019,Europe & Central Asia,High income,EU,3.0314725,2.5412015,3.46875,1.9730934,2.5817278,4.0245738,2.9115117,4.602795,4.9351527,5.2163237,4.2805007,3.8385398,4.7278627,3.4499566,1.9934618,18.3908678,1.943775,7311.507
IRL,Ireland,2021,Europe & Central Asia,High income,EU,2.4911497,2.4561208,3.46875,2.0071808,2.7519701,4.1616841,3.4599528,4.6601188,4.0066709,4.0647014,4.4105805,3.3295473,4.6550929,2.327979,2.5128689,24.252651,0.3903662,1641.60621
IRL,Ireland,2024,Europe & Central Asia,High income,EU,2.4010614,2.4835987,3.598661,1.9840609,2.5600638,4.181307,3.7082905,4.6715001,3.7794931,4.9818788,4.3280578,2.5598559,4.6001979,3.4692805,2.5128689,23.5720315,1.0947013,5701.555
IRN,Iran,2019,Middle East & North Africa,Upper middle income,AS,1.5070684,3.0601004,2.553719,3.2369734,1.2364161,2.3029166,1.9730253,2.7994112,3.7548589,3.2197364,3.01793,4.3515528,3.9781214,2.8107676,5.6752637,78.5435323,2.475176,10735.32
IRN,Iran,2021,Middle East & North Africa,Upper middle income,AS,1.4988234,3.5413725,2.553719,3.4610717,1.3564333,2.3021076,1.9697895,2.8082217,3.9191204,2.8894973,2.9648745,4.9493268,4.4104943,2.8208926,5.9085985,94.1548712,1.3346804,6895.26033
IRN,Iran,2024,Middle East & North Africa,Upper middle income,AS,1.595824,3.7572893,2.4793888,3.4731441,1.3306034,2.1559569,1.6610533,3.077865,3.8728864,2.880383,2.8547496,5.2904867,4.6526614,2.8310728,5.9085985,92.3753572,1.6093322,38010.1433
ISL,Iceland,2019,Europe & Central Asia,High income,EU,2.8512878,1.6544886,3.7254901,2.8758041,6.4170415,1.3081949,1.3459481,4.6279547,6.1006478,4.8936976,3.2399145,7.0,5.7512154,6.6941962,2.8522303,28.4191156,8.986435,2346.937
ISL,Iceland,2021,Europe & Central Asia,High income,EU,2.5620361,1.5821757,3.7254901,3.0618491,6.2662385,1.3195225,1.3912583,4.6654547,5.2926024,4.4342799,3.1456946,5.8242898,4.7051475,4.2604681,2.61928,44.2624206,3.1558154,650.4177
ISL,Iceland,2024,Europe & Central Asia,High income,EU,2.2719722,1.5596597,3.5133258,3.2125639,6.9852323,1.3293869,1.334162,4.6661494,5.6847901,4.6823804,3.0409019,4.5600304,4.3610844,6.0427072,2.61928,35.8480679,6.2632947,1732.69439
ISR,Israel,2019,Middle East & North Africa,High income,AS,2.1503768,1.8292609,4.4358974,1.8022996,1.3909713,3.5848052,2.9993286,4.2586852,4.8906186,4.8915427,4.4443897,4.7836925,5.8967294,2.261539,2.2114714,47.0739215,1.641791,6147.107
ISR,Israel,2021,Middle East & North Africa,High income,AS,1.8744039,1.7602676,4.4358974,1.8896244,1.649238,3.4912811,2.2833534,4.2520773,4.8538222,4.0365924,4.4549935,4.5889236,5.8657341,2.2668538,2.186083,61.8096253,0.6830512,2731.67014
ISR,Israel,2024,Middle East & North Africa,High income,AS,1.854545,1.7553029,4.1114436,1.8963502,1.6033599,3.4515708,1.8421182,4.2482283,4.5247981,4.5500231,4.3858613,4.3863207,5.8937035,2.2721892,2.186083,60.7987611,1.338104,7056.301
ITA,Italy,2019,Europe & Central Asia,High income,EU,7.0,6.45,4.8252425,4.7690101,7.0,4.4189831,3.6270965,4.7555123,4.9167766,5.3618491,4.6560882,2.0957446,3.0651492,3.154924,2.5660961,76.1617767,5.626479,117336.8
ITA,Italy,2021,Europe & Central Asia,High income,EU,7.0,6.7,4.8252425,4.7765148,7.0,4.2417129,3.1347153,4.8062282,4.9545284,4.8198214,4.8026138,1.9097259,3.0346862,2.5098382,2.6424159,80.5701701,3.000336,56553.89
ITA,Italy,2024,Europe & Central Asia,High income,EU,6.9554372,6.7388593,5.0679005,4.9980161,7.0,4.2297927,2.9194891,4.8009444,5.2308709,5.2438917,4.790597,1.7161434,2.9967214,3.0358665,2.6424159,72.6675004,4.4982667,89137.0
JAM,Jamaica,2019,Latin America & Caribbean,Upper middle income,SA,1.5911648,1.4769579,2.7013,1.7539405,1.6403851,1.1962688,1.1765058,3.8448984,5.9974008,3.6989264,3.9514624,4.9549222,4.9154947,7.0,3.5651434,21.4055993,10.55958,1604.6
JAM,Jamaica,2021,Latin America & Caribbean,Upper middle income,SA,1.5901615,1.476707,2.7013,1.7816329,1.7762178,1.1924212,1.1611154,3.8515063,6.3164131,3.2735784,3.9629891,5.0925315,4.7718595,7.0,3.7626797,17.6352789,3.9346755,576.5985
JAM,Jamaica,2024,Latin America & Caribbean,Upper middle income,SA,1.5921432,1.4772025,2.9088947,1.8273087,1.7787931,1.1843308,1.1287537,3.8556384,6.1656927,3.5823207,3.7622379,5.2012308,4.6041555,7.0,3.7626797,10.4999345,10.5156612,1613.921
JOR,Jordan,2019,Middle East & North Africa,Lower middle income,AS,1.3881473,1.4762035,4.4268293,1.7196072,1.4228608,2.6610734,1.2024205,3.688604,5.4865263,3.5841724,3.1050366,3.9745947,5.856104,7.0,2.5399934,4.7499721,5.236064,2283.516
JOR,Jordan,2021,Middle East & North Africa,Lower middle income,AS,1.3161707,1.5332093,4.4268293,1.7953763,1.490421,2.4687829,1.2137382,3.6952119,5.5648282,3.2895152,3.4197934,4.9442442,5.586907,7.0,2.7927488,8.959831,1.3931053,560.487
JOR,Jordan,2024,Middle East & North Africa,Lower middle income,AS,1.3765983,1.6483162,4.9570015,1.8331732,1.5805462,2.1951046,1.1890943,3.7043514,5.5808824,3.6618064,3.4485937,5.6139415,5.4973614,7.0,2.7927488,6.2674479,4.806162,2247.694
JPN,Japan,2019,East Asia & Pacific,High income,AS,7.0,6.5333333,3.2207792,4.3890057,3.613225,6.1814436,7.0,4.0674836,5.0774859,5.6609936,5.9910356,5.8811221,4.8485241,3.656101,1.6011583,82.455711,2.386801,119016.9
JPN,Japan,2021,East Asia & Pacific,High income,AS,6.4838327,6.6209582,3.2207792,4.8918563,5.1272053,6.0804318,5.6035788,4.0806995,4.9883548,5.5999,6.1146271,5.2226376,4.852607,3.055243,1.7804664,94.6360518,1.5338488,76067.84
JPN,Japan,2024,East Asia & Pacific,High income,AS,6.8220637,6.7055159,3.2706847,5.1059876,5.6676114,5.9304108,5.0504831,4.0610873,4.7826197,5.3388492,6.0792482,4.9704963,5.1364647,3.6286858,1.7804664,98.5753336,1.9826436,82728.95
KAZ,Kazakhstan,2019,Europe & Central Asia,Upper middle income,AS,1.1224918,1.9222896,3.2625,3.1746384,1.0859205,1.9558136,1.0954999,2.500088,4.327549,3.1778418,2.9018681,3.8894804,4.9007871,3.5253826,3.7609681,60.4479575,1.83541,2998.379
KAZ,Kazakhstan,2021,Europe & Central Asia,Upper middle income,AS,1.1189393,1.9714015,3.2625,3.4238422,1.2072376,2.114198,1.112158,2.49348,4.5695929,2.9385633,2.8183965,4.3997364,4.8287162,3.5405578,3.703591,76.9717783,0.7575085,1246.24979
KAZ,Kazakhstan,2024,Europe & Central Asia,Upper middle income,AS,1.1253404,2.0730018,3.0519245,3.6372133,1.1873482,2.2225599,1.0557841,3.1541934,4.305284,3.193153,2.8249724,5.5861727,6.0504975,3.5558242,3.703591,42.3689079,0.7631744,1584.90562
KEN,Kenya,2019,Sub-Saharan Africa,Lower middle income,AF,1.2260844,1.4065211,3.360465,3.7403691,1.8270661,2.1590569,1.2398025,3.695636,5.3199778,3.3127393,3.1499136,4.186488,4.1420954,5.279794,7.0,66.9048886,3.350171,3015.646
KEN,Kenya,2021,Sub-Saharan Africa,Lower middle income,AF,1.1567579,1.4391895,3.360465,3.7389238,1.816022,2.2679759,1.2224205,3.702244,5.275484,3.2516974,3.1315789,5.3384652,4.7908661,5.302486,7.0,78.0826909,1.2450615,1233.89888
KEN,Kenya,2024,Sub-Saharan Africa,Lower middle income,AF,1.167339,1.6585014,3.4602368,3.7550573,1.7949076,1.9924998,1.1568227,3.456769,4.8478285,3.2145674,3.2330511,6.3935664,5.3644006,5.3252932,7.0,67.7933784,2.093827,2381.91915
KGZ,Kyrgyz Republic,2019,Europe & Central Asia,Lower middle income,AS,1.0275556,1.4568889,4.2315788,2.0213286,1.0526202,1.1038856,1.0006344,3.1188378,3.3928859,2.2529973,2.1769851,3.382108,3.652843,2.1364222,4.6222311,36.2389849,1.37272,110.7843
KGZ,Kyrgyz Republic,2021,Europe & Central Asia,Lower middle income,AS,1.0287089,1.5571772,4.2315788,2.0255258,1.0728712,1.1689186,1.0064948,3.1188378,3.5243397,2.2133108,2.2070169,3.0854291,3.2109512,2.1432512,5.5936495,47.9345708,1.9246653,154.701516
KGZ,Kyrgyz Republic,2024,Europe & Central Asia,Lower middle income,AS,1.0272491,1.7068123,4.2655706,2.0262872,1.0766782,1.1966362,1.0039996,3.126785,3.5116534,2.5347862,2.2188124,2.6214402,2.7313154,2.1501211,5.5936495,61.4216624,2.1750264,223.66327
KHM,Cambodia,2019,East Asia & Pacific,Lower middle income,AS,1.6730251,1.5432563,4.0350876,2.4458207,1.614602,1.3729197,1.2141866,3.6144247,5.3116294,3.2273093,2.6324192,1.9210461,2.5586567,6.8137012,1.9872206,23.7506513,14.46288,3526.242
KHM,Cambodia,2021,East Asia & Pacific,Lower middle income,AS,1.7290639,1.557266,4.0350876,2.5199243,1.611065,1.4371519,1.1707792,3.7362997,5.4403225,3.0558854,2.837518,1.8202099,2.2603757,6.8706478,2.2456327,45.719113,4.615186,1218.99354
KHM,Cambodia,2024,East Asia & Pacific,Lower middle income,AS,1.6095968,1.6023992,4.0902813,2.4961197,1.3801437,1.4142457,1.0791547,3.7492137,5.7370964,2.7625364,2.8525492,1.7002396,2.2853251,6.928153,2.2456327,53.9386189,5.0145173,1491.00554
KOR,South Korea,2019,East Asia & Pacific,High income,AS,2.1446609,5.1694985,3.1900001,2.0511813,1.3456334,5.022053,4.9551764,4.1099489,4.8756223,5.2620922,5.267308,4.6275757,4.9706382,2.5732432,1.1449102,58.4676617,0.9181384,14936.16
KOR,South Korea,2021,East Asia & Pacific,High income,AS,4.0310151,5.8327538,3.1900001,2.3371535,1.4407476,5.0420369,5.3591358,4.1231648,4.8258148,4.978897,5.4324584,6.1099327,5.61419,2.5844698,1.1738188,67.9354133,0.6606308,10768.8255
KOR,South Korea,2024,East Asia & Pacific,High income,AS,2.9529751,5.5882438,3.1298645,2.3559818,1.4332522,4.7244877,3.8615655,3.872071,4.5579626,4.6874012,5.3988519,7.0,6.1726997,2.5957765,1.1738188,66.2656896,1.0467868,17440.3553
KWT,Kuwait,2019,Middle East & North Africa,High income,AS,1.3814801,1.14537,3.7954545,1.3365245,1.0657756,2.6404261,1.1949685,2.8301976,3.7117122,4.0370379,2.9064455,2.1855798,2.9190837,1.7346778,4.3128449,87.8003025,2.554435,3360.7
KWT,Kuwait,2021,Middle East & North Africa,High income,AS,1.2915949,1.2228987,3.7954545,1.341549,1.113491,2.6377956,1.2429732,2.8478187,2.965624,3.5745009,3.0249347,2.4328892,3.2067199,1.7383737,4.5030182,87.728257,1.3058816,1396.37828
KWT,Kuwait,2024,Middle East & North Africa,High income,AS,1.3081148,1.3270287,3.3198769,1.3535575,1.1141927,2.4494376,1.1543119,2.8751393,2.2806736,4.147974,3.0021617,2.6343529,3.4573043,1.7420208,4.5030182,79.4815836,2.1268597,3712.56566
LAO,Lao PDR,2019,East Asia & Pacific,Lower middle income,AS,1.2837546,1.2709387,4.1833334,2.3409965,1.2361226,1.1319464,1.0496133,3.6594007,5.0275387,2.5807534,2.4115267,5.9461849,5.5129154,5.9324932,1.517567,40.1788345,3.916424,715.197
LAO,Lao PDR,2021,East Asia & Pacific,Lower middle income,AS,1.2252064,1.2813016,4.1833334,2.3447597,1.1562253,1.1288442,1.0372042,3.7719007,4.86109,2.4222383,2.6283338,7.0,6.2160639,5.9794414,1.6204393,55.3602133,1.175579,221.285373
LAO,Lao PDR,2024,East Asia & Pacific,Lower middle income,AS,1.1891279,1.272282,4.2425251,2.3620271,1.1303076,1.1060069,1.0162986,3.7785038,4.3112197,2.3594141,2.9409108,7.0,7.0,6.026836,1.6204393,83.9321543,1.0776014,166.847
LBN,Lebanon,2019,Middle East & North Africa,Lower middle income,AS,1.4606951,1.4568404,3.2666667,1.2761559,1.2152621,3.3256047,1.8806122,3.2796954,5.4651946,3.5246084,2.3795427,4.3053264,4.4611843,6.6067792,2.6663879,10.8582316,7.024735,3836.975
LBN,Lebanon,2021,Middle East & North Africa,Lower middle income,AS,1.7207057,1.6885097,3.2666667,1.3297934,1.4834499,2.9088321,1.653137,3.2929113,5.5627547,3.2993172,2.4691321,5.4197821,5.1523012,6.6338806,4.3333387,26.6937771,1.1622531,997.1724
LBN,Lebanon,2024,Middle East & North Africa,Lower middle income,AS,1.765855,1.7747971,3.2666667,1.3498621,1.5196403,1.8556315,1.4116016,3.2906187,5.9805575,3.4250001,2.4726909,7.0,6.4129945,6.661117,4.3333387,51.1671707,1.0880725,3989.27951
LKA,Sri Lanka,2019,South Asia,Lower middle income,AS,1.7760381,1.4940095,4.4933333,2.7816841,2.4512573,1.6899613,1.2789271,3.3816376,5.2682603,3.3144877,3.8028031,3.2366629,3.4611246,3.7162468,4.8827904,32.362988,5.740473,5102.713
LKA,Sri Lanka,2021,South Asia,Lower middle income,AS,1.5416171,1.4354043,4.4933333,2.7755421,2.4194319,1.634391,1.2693911,3.3684217,5.0898667,3.1502226,3.9368948,4.7413775,4.3678186,3.7322146,5.8118037,58.8898305,1.4971978,1207.43585
LKA,Sri Lanka,2024,South Asia,Lower middle income,AS,1.3757405,1.4439351,3.8433012,2.6983055,1.8549395,1.6076659,1.1624907,3.6935314,4.7791716,3.074791,3.9187848,7.0,5.7164708,3.7482758,5.8118037,63.0553149,1.537851,1190.81676
LTU,Lithuania,2019,Europe & Central Asia,High income,EU,1.1943847,1.4652628,3.1505377,1.5754319,1.0778625,1.5896602,1.2476321,4.0362254,4.7996416,3.0618498,4.4465411,3.194413,3.6173117,2.8935364,3.9303173,44.8342738,1.803829,947.9981
LTU,Lithuania,2021,Europe & Central Asia,High income,EU,1.2311191,1.4744464,3.1505377,1.5955105,1.1771193,1.5895398,1.2471503,4.0803334,4.7148325,2.8156483,4.5488343,4.2753455,3.3950019,2.9108719,4.1248586,59.7315862,1.1205065,617.6177
LTU,Lithuania,2024,Europe & Central Asia,High income,EU,1.2139488,1.6618205,3.2450067,1.5970841,1.1671362,1.5783755,1.2024934,4.0876578,4.3516488,2.9374939,4.4708974,4.4982657,3.12316,2.9283682,4.1248586,58.5608932,1.8667293,1302.571
LUX,Luxembourg,2019,Europe & Central Asia,High income,EU,2.1186876,1.3546719,3.3111112,1.2189013,1.5453574,3.2688599,1.8482936,4.6176792,4.9433312,3.7073413,5.7595278,2.1987406,2.9217055,2.8653862,1.527194,19.3357217,4.144194,2872.747
LUX,Luxembourg,2021,Europe & Central Asia,High income,EU,1.7046921,1.301173,3.3111112,1.2558547,1.7296082,3.2237383,1.6678073,4.6683951,4.9183142,3.2525919,5.8669484,1.5031765,2.4436834,2.5238204,1.578003,15.5897681,3.35168,2390.173
LUX,Luxembourg,2024,Europe & Central Asia,High income,EU,1.8659607,1.3414902,3.8451692,1.300868,1.8800853,3.2734128,1.7423272,4.6558727,4.6575107,3.7313094,5.7856736,1.2740301,2.3522203,2.7802705,1.578003,19.805682,4.199987,3380.9464
LVA,Latvia,2019,Europe & Central Asia,High income,EU,1.1332012,1.1833003,3.2705882,1.5643962,1.0948201,1.5315131,1.1014073,4.2567172,5.0002926,3.4997237,4.1196689,1.8293995,2.7790326,2.9061694,2.7420627,46.645296,3.588607,1230.162
LVA,Latvia,2021,Europe & Central Asia,High income,EU,1.1044304,1.1761076,3.2705882,1.5863139,1.2036627,1.5275631,1.085607,4.3155278,4.7494753,3.1001414,4.1849379,1.7061199,2.8600341,2.9256346,2.994082,58.5237213,1.7430955,583.723664
LVA,Latvia,2024,Europe & Central Asia,High income,EU,1.1106029,1.2526507,2.9555482,1.5890449,1.1905807,1.5304172,1.0556585,4.3252986,4.3870206,3.0760716,3.7519228,1.2427838,2.5733405,2.9453006,2.994082,53.4709817,3.1351523,1268.02921
MAR,Morocco,2019,Middle East & North Africa,Lower middle income,AF,2.2047524,2.3928548,3.71875,2.5836413,2.1507158,3.0842149,2.085328,4.1633328,5.0955487,3.8217353,3.2032581,2.415353,2.758563,3.241555,1.9559094,32.259673,8.332522,9943.208
MAR,Morocco,2021,Middle East & North Africa,Lower middle income,AF,1.8862727,2.6299015,3.71875,2.319508,2.4608217,2.8681701,2.053471,4.1699408,4.8260413,3.3600408,3.2710592,2.5912575,2.7354687,3.2630824,2.3649778,38.3933105,2.778506,3136.79671
MAR,Morocco,2024,Middle East & North Africa,Lower middle income,AF,1.984212,2.7543863,3.790162,2.1963777,2.3050427,2.9008726,2.1714305,4.1880209,4.3783929,3.6452297,3.3309838,2.5748474,2.5672454,3.2848118,2.3649778,32.1794285,5.447466,7123.271
MDA,Moldova,2019,Europe & Central Asia,Upper middle income,EU,1.0956138,1.1989034,3.0307693,1.1817061,1.0103966,1.1899297,1.0326237,3.5644619,3.6987475,2.6431231,2.8967013,5.1599701,4.9855072,2.9571712,1.6641343,38.5134527,0.9564783,103.2077
MDA,Moldova,2021,Europe & Central Asia,Upper middle income,EU,1.0818281,1.195457,3.0307693,1.3613716,1.0286839,1.1958418,1.0562722,3.5710698,3.9755772,2.4594271,2.9540387,4.7450099,4.4092803,2.9689321,1.7365346,25.6880914,1.1357557,136.49179
MDA,Moldova,2024,Europe & Central Asia,Upper middle income,EU,1.1016745,1.2504186,3.0307693,1.3621552,1.0326016,1.2421685,1.032671,3.5724903,3.4974959,2.6041186,2.9540387,4.0603749,3.6593588,2.9807636,1.7365346,35.0754573,2.5747623,433.624655
MEX,Mexico,2019,Latin America & Caribbean,Upper middle income,,7.0,5.8,3.2371135,6.3483564,3.7487373,4.6084922,5.4514245,4.0128444,4.9675522,4.2800744,3.1487967,1.8729338,2.4874324,3.8742268,3.7277285,85.2154656,8.042298,97749.95
MEX,Mexico,2021,Latin America & Caribbean,Upper middle income,,7.0,6.1833333,3.2371135,6.3033769,3.5231988,4.3592718,4.0165562,4.0128444,4.48415,4.0650914,3.0982842,1.7416699,2.1799781,3.090134,3.3879599,85.0107469,4.506942,48328.85
MEX,Mexico,2024,Latin America & Caribbean,Upper middle income,,7.0,6.35,3.3815082,6.4276306,4.1425776,4.6080569,5.0510701,3.9579362,4.4080155,4.3833176,3.134017,1.6313282,1.8981056,3.9659538,3.3879599,84.7975331,7.987764,116264.915
MKD,North Macedonia,2019,Europe & Central Asia,Upper middle income,EU,1.1755812,1.523062,2.625,1.5472132,1.0544979,1.3452345,1.020004,3.6604914,3.9255729,2.6009024,2.7919773,5.6343538,5.6106288,1.77724,2.3739533,44.8440687,1.955831,246.9455
MKD,North Macedonia,2021,Europe & Central Asia,Upper middle income,EU,1.2305188,1.5367964,2.625,1.7550315,1.0932386,1.2277935,1.0243423,3.7281125,3.7576919,2.3921783,2.7067635,4.9211142,4.7563099,1.7834592,2.4218056,47.0939998,1.1967039,147.758141
MKD,North Macedonia,2024,Europe & Central Asia,Upper middle income,EU,1.2147305,1.5328493,3.0611747,1.8354241,1.0878879,1.2628437,1.022269,3.6787747,3.4299082,2.5568465,2.7188397,4.0163396,3.7630245,1.7897259,2.4218056,43.7412834,2.2540066,333.4279
MLI,Mali,2019,Sub-Saharan Africa,Low income,AF,1.2047718,1.5886929,3.0238094,2.4286457,1.2346662,1.0085567,1.0342267,1.9423935,3.3594252,2.2599361,2.2663293,3.7510727,3.1844973,2.033344,1.9566015,82.9865485,3.917253,679.7814
MLI,Mali,2021,Sub-Saharan Africa,Low income,AF,1.0854913,1.5588728,3.0238094,2.3770061,1.0540182,1.0249318,1.0997271,1.9423935,2.96199,2.2454995,2.2182603,4.0751341,3.5542749,2.0414618,2.1714254,88.9312745,1.4198412,245.109245
MLI,Mali,2024,Sub-Saharan Africa,Low income,AF,1.0944655,1.6111164,3.4936203,2.3894715,1.0547769,1.0251751,1.1007006,1.9829556,2.4124797,2.3666542,2.4116833,4.0145204,3.6181923,2.0496456,2.1714254,91.1867587,2.6501512,478.538841
MNE,Montenegro,2019,Europe & Central Asia,Upper middle income,EU,1.2733632,1.1433408,3.7538462,1.6591493,1.5848062,1.1604981,1.1638199,4.0986412,4.4737536,3.0892757,3.2141603,3.9753031,3.4375977,2.5970152,2.8123694,12.2288712,10.38182,567.2457
MNE,Montenegro,2021,Europe & Central Asia,Upper middle income,EU,1.320259,1.1550647,3.7538462,1.7586478,1.8514549,1.1578493,1.1532248,4.1427491,4.4900847,2.5917229,3.3214341,5.2852882,4.6132316,2.606612,3.25057,27.3626224,2.4722214,123.637758
MNE,Montenegro,2024,Europe & Central Asia,Upper middle income,EU,1.3881936,1.2220484,4.2756445,1.7743141,1.802236,1.1448289,1.1011433,4.1365188,4.2779182,3.0118999,3.3469206,6.0199851,5.3923374,2.6162661,3.25057,13.060224,7.7383556,429.0802
MNG,Mongolia,2019,East Asia & Pacific,Upper middle income,AS,1.3482249,1.8620562,3.1785715,3.1169593,1.2488514,2.2580332,1.0337029,2.8141895,4.8612308,2.2844857,2.1857363,5.3623875,5.5646646,3.5253826,1.2137599,34.7665098,3.275476,426.9943
MNG,Mongolia,2021,East Asia & Pacific,Upper middle income,AS,1.5708478,1.967712,3.1785715,3.2280338,1.7074022,1.313096,1.0511863,2.821644,4.7041659,2.110561,2.1694608,5.4181808,5.1448676,3.5405578,1.2276653,74.3340778,0.5896399,76.0152861
MNG,Mongolia,2024,East Asia & Pacific,Upper middle income,AS,1.3150265,1.9287566,3.0271257,3.2481254,1.803904,1.3086011,1.0332066,2.8245599,4.6493221,2.1424416,2.0891425,4.9071367,4.9919312,3.5558242,1.2276653,64.1066031,0.936685,158.4351
MUS,Mauritius,2019,Sub-Saharan Africa,Upper middle income,AF,1.3699524,1.2924881,4.1076922,1.3707825,1.6718434,1.4415426,1.1749494,4.7595534,6.125554,4.3510173,3.784534,3.6433485,4.1295735,7.0,4.3078192,13.3293609,7.588425,1096.775
MUS,Mauritius,2021,Sub-Saharan Africa,Upper middle income,AF,1.2819269,1.3204817,4.1076922,1.3912758,1.7743101,1.3089214,1.1492007,4.7736159,6.0748963,3.1545202,3.9800425,2.7898668,3.2683422,7.0,6.3858481,17.1612236,3.962069,432.000548
MUS,Mauritius,2024,Sub-Saharan Africa,Upper middle income,AF,1.2531705,1.4799593,4.2178504,1.4135331,1.7931598,1.3254875,1.1486361,4.7931867,5.931958,4.1220161,3.8983357,1.7107821,2.5954002,7.0,6.3858481,13.6999037,6.314225,754.6404
MWI,Malawi,2019,Sub-Saharan Africa,Low income,AF,1.0350783,1.3837696,3.721519,2.5550853,1.3278222,1.1837501,1.0079054,2.6591811,3.5407578,1.8756137,2.3788276,2.8328824,2.9771892,1.829122,5.0801456,91.3701306,3.491422,249.3068
MWI,Malawi,2021,Sub-Saharan Africa,Low income,AF,1.0279766,1.4319941,3.721519,2.4995213,1.0501521,1.183736,1.0078488,2.6679916,2.8275974,1.8131003,2.4135557,3.4709358,3.334204,1.8361119,5.2530178,93.5107538,1.2824451,105.414733
MWI,Malawi,2024,Sub-Saharan Africa,Low income,AF,1.0285344,1.4321336,3.6832067,2.5083481,1.0471928,1.169089,1.0071763,3.1078418,2.5605084,1.8377188,2.5395835,4.25572,3.796196,1.843152,5.2530178,93.3252949,1.948915,174.428686
MYS,Malaysia,2019,East Asia & Pacific,Upper middle income,AS,2.0657644,2.1664411,4.0645161,3.9579921,1.8212927,4.4562987,2.6231413,4.658524,4.2838218,5.0428087,4.1466273,2.2873996,3.2686963,2.0845648,2.4610339,50.2646637,4.827184,17149.34
MYS,Malaysia,2021,East Asia & Pacific,Upper middle income,AS,1.8172835,2.2543209,4.0645161,3.9420126,1.892583,3.9958633,2.5090811,4.7842399,4.2978524,4.4423594,4.0267657,1.5036908,2.4417757,2.0929711,2.3974433,81.0696618,2.955112,9940.58
MYS,Malaysia,2024,East Asia & Pacific,Upper middle income,AS,1.7241186,2.4476963,4.3547178,3.9587442,1.7122034,3.8839764,2.4889045,4.9910812,4.2205555,4.1849258,4.0545663,1.0,1.7557974,2.1014334,2.3974433,84.0658099,2.5891948,10507.3481
NAM,Namibia,2019,Sub-Saharan Africa,Lower middle income,AF,1.0503398,1.137585,4.5614033,3.1619017,1.4689784,1.1439849,1.030938,2.2328793,4.3280598,2.6995355,3.1959665,5.6681264,6.3743991,2.9648092,2.8216176,71.9414878,3.219804,447.9305
NAM,Namibia,2021,Sub-Saharan Africa,Lower middle income,AF,1.0472826,1.1868207,4.5614033,3.2028985,1.6738784,1.143093,1.0273703,2.2505005,4.2250614,2.3457596,3.2771171,4.6584296,4.807067,2.9766157,3.0629132,82.2279764,3.3314092,349.329174
NAM,Namibia,2024,Sub-Saharan Africa,Lower middle income,AF,1.0462661,1.1865665,4.6941595,3.2078698,1.6579312,1.1427388,1.0259537,2.4770433,3.7956627,2.3656622,3.2452488,4.5692481,4.1509972,2.9884932,3.0629132,79.1372884,5.6284056,678.006053
NGA,Nigeria,2019,Sub-Saharan Africa,Lower middle income,AF,1.3137157,1.6284289,2.2413793,2.9441248,1.0402893,2.5127196,1.1997112,2.4836714,3.8861308,2.6798378,2.0679661,4.8162836,4.6472431,1.1801722,3.3424664,85.9887624,1.857439,6971.929
NGA,Nigeria,2021,Sub-Saharan Africa,Lower middle income,AF,1.2756076,1.6689019,2.2413793,2.967638,1.158105,2.4446191,1.2344491,2.4770635,3.038958,2.766224,2.1482478,6.630715,5.7581091,1.182661,3.3406917,95.7786051,0.6831678,2730.13139
NGA,Nigeria,2024,Sub-Saharan Africa,Lower middle income,AF,1.2741216,1.8351971,2.346614,2.9885425,1.1766934,2.4921247,1.2176642,3.2371042,2.2367313,2.9391982,2.3487935,7.0,6.3731994,1.1851939,3.3406917,92.1148142,1.0755456,5118.7644
NLD,Netherlands,2019,Europe & Central Asia,High income,EU,2.9216589,2.3720814,3.120482,2.2332883,2.6903987,3.8569707,1.8422999,5.1963459,4.6579002,5.8717988,6.3386966,1.0,4.5170272,2.3184484,1.5686926,49.9654839,1.720503,15744.61
NLD,Netherlands,2021,Europe & Central Asia,High income,EU,3.1808151,2.6535371,3.120482,2.5692194,4.2163361,3.9966339,1.9220799,5.2095617,4.6333858,5.0839278,6.4766149,1.0,4.4830095,2.0265861,1.5841636,78.4865722,2.42047,21974.577
NLD,Netherlands,2024,Europe & Central Asia,High income,EU,3.4262835,2.8399042,3.0249585,2.5515315,4.0451001,4.0775783,2.1812206,5.2102927,4.6985345,5.4338179,6.3320889,1.054211,4.4804296,2.320836,1.5841636,80.5160776,3.339175,32816.5627
NPL,Nepal,2019,South Asia,Lower middle income,AS,1.6227995,1.2056999,3.3626373,2.6132358,1.5942249,1.3003343,1.3145056,3.732555,5.1411138,2.6928752,1.959099,3.1460528,3.1182542,4.1787856,3.057953,56.3317424,3.597796,1017.533
NPL,Nepal,2021,South Asia,Lower middle income,AS,1.5180226,1.1795056,3.3626373,2.6040356,1.5483695,1.2311126,1.2918904,3.725947,5.0131077,2.6544278,2.0525448,4.5758843,4.1121503,4.2067638,3.4488651,73.2087626,1.1572118,354.2561
NPL,Nepal,2024,South Asia,Lower middle income,AS,1.527566,1.1818915,3.4645452,2.6127496,1.478586,1.2826429,1.3115679,3.7406814,4.5691085,2.7014222,2.2381559,5.7938505,4.8255446,4.2349878,3.4488651,77.0488349,2.0818088,806.7339
NZL,New Zealand,2019,East Asia & Pacific,High income,OC,1.9588236,1.7355392,3.2753623,3.7080197,3.358719,2.491739,2.2932246,5.0464914,5.1560303,4.9890297,3.567639,2.7053385,4.7306975,3.2599696,3.5722705,59.2727326,5.908952,11798.88
NZL,New Zealand,2021,East Asia & Pacific,High income,OC,1.9435724,1.8983931,3.2753623,3.6975424,3.3063326,2.5673904,2.5958303,5.0729232,5.0116531,4.0941353,3.4074151,2.5344578,4.7229619,2.5375409,3.6592442,70.1927084,2.942541,6148.622
NZL,New Zealand,2024,East Asia & Pacific,High income,OC,1.7446673,2.0153335,4.5791592,3.6448902,2.9822534,2.5764687,2.7184589,5.0744831,4.2517584,3.9942978,3.7272233,2.1832532,4.6742686,2.4727515,3.6592442,90.7156124,3.0537605,7315.15074
OMN,Oman,2019,Middle East & North Africa,High income,AS,1.195102,1.9737755,4.46861,1.9721434,1.392812,2.0241464,1.142669,4.0754422,4.1939058,4.3673948,3.7555153,1.3438549,2.2953418,1.7677984,4.8009269,43.1316597,4.509344,3416.234
OMN,Oman,2021,Middle East & North Africa,High income,AS,1.2225933,1.9806483,4.46861,2.0040896,1.5499586,2.0955579,1.1477751,4.0820501,3.7955154,4.0025591,3.6441376,1.412331,2.2165388,1.7720166,5.0932605,47.4172815,1.7106755,1133.30674
OMN,Oman,2024,Middle East & North Africa,High income,AS,1.273994,1.9934985,4.8344693,2.0973097,1.4917774,1.999215,1.1400024,4.1161591,3.3944175,3.9067874,3.7240531,1.5423047,2.2188733,1.7762581,5.0932605,48.599332,2.0190854,2138.564
PAN,Panama,2019,Latin America & Caribbean,High income,SA,1.930017,1.5991709,3.3571429,3.5632582,1.9684707,1.5961719,1.5445437,3.2775048,5.0603535,4.3649842,3.6339334,2.8595159,3.6312687,4.0294864,4.4323175,17.9680278,5.771619,3596.228
PAN,Panama,2021,Latin America & Caribbean,High income,SA,1.8687639,1.5838577,3.3571429,3.7482743,1.9595965,1.6621398,1.6117305,3.2863154,4.7938407,3.5304308,3.8132737,3.4923301,4.0303223,4.0519522,4.813357,39.2260287,1.8483856,1159.9158
PAN,Panama,2024,Latin America & Caribbean,High income,SA,1.7965782,1.6158112,3.400191,3.8815686,1.978444,1.6329175,1.4393911,3.3191616,4.5324797,4.3315162,3.5327977,3.7372711,4.087019,4.0745848,4.813357,20.1901268,6.073176,4234.143
PER,Peru,2019,Latin America & Caribbean,Upper middle income,SA,2.0008575,2.4252144,2.7,4.6411009,2.135681,2.4740107,1.5823896,3.8627003,4.5308803,3.3896296,2.4829104,5.4564636,3.6350901,2.6613838,2.0474459,70.276197,3.709484,8522.776
PER,Peru,2021,Latin America & Caribbean,Upper middle income,SA,1.856326,2.7974148,2.7,4.6960374,2.4005662,2.3788888,1.4317492,3.8560924,4.8335334,3.0741745,2.6717221,6.0429076,3.7745341,2.671615,2.1214337,84.9085788,1.6717396,3315.03868
PER,Peru,2024,Latin America & Caribbean,Upper middle income,SA,1.85451,3.0136275,3.1575267,4.7278417,2.2461324,2.343818,1.3272865,3.8665887,4.8245402,3.2815988,2.704907,6.8822735,4.079486,2.6819093,2.1214337,73.1565704,2.459477,6224.794
PHL,Philippines,2019,East Asia & Pacific,Lower middle income,AS,1.954911,1.7803944,3.2439024,3.8451308,2.1820547,3.0139791,2.1270596,3.9105931,4.5381129,3.8841728,2.7992484,3.3160335,2.3926401,2.8490266,3.6351293,86.6585644,12.37987,40928.23
PHL,Philippines,2021,East Asia & Pacific,Lower middle income,AS,1.7760259,1.9523398,3.2439024,3.9007366,2.3131117,2.9254379,2.000958,4.0043431,4.517203,3.8116453,2.7435185,1.748529,1.8446782,2.8580902,4.5926139,94.1901327,8.221399,29781.4617
PHL,Philippines,2024,East Asia & Pacific,Lower middle income,AS,1.7948952,2.0070571,3.9815901,3.9316528,2.1553596,2.8855281,1.6655444,4.0085683,4.7167607,3.6224076,3.1173716,1.0,1.7549795,3.4809352,4.5926139,92.265956,9.65161,38646.03
POL,Poland,2019,Europe & Central Asia,High income,EU,2.5088858,2.7772214,3.6584158,2.4699928,1.8981646,3.5869824,2.4064064,4.7868132,4.7088563,3.8524337,4.6151787,2.2654726,3.1221341,2.6545414,1.7798082,30.2255295,1.905382,11168.03
POL,Poland,2021,Europe & Central Asia,High income,EU,2.3892253,2.988973,3.6584158,2.8328044,2.715914,3.6665956,2.2761506,4.8771767,4.6448208,3.5760275,4.7558127,2.5737659,3.3339135,2.6661052,1.967102,26.8671881,0.8477861,5034.75142
POL,Poland,2024,Europe & Central Asia,High income,EU,2.3822368,3.3038925,3.9204106,2.8356945,2.6408549,3.6003871,1.9430667,4.897989,4.7304763,3.6612845,4.7117306,2.6552688,3.4381905,2.6777473,1.967102,31.24624,1.7124144,11609.7565
PRT,Portugal,2019,Europe & Central Asia,High income,EU,3.9341976,3.6668827,4.0126581,3.6397539,5.3517215,3.6864285,3.0967857,4.843055,5.5627491,5.4279622,4.4841253,2.7427705,3.6063728,4.8854554,7.0,31.1346829,7.097009,16904.99
PRT,Portugal,2021,Europe & Central Asia,High income,EU,3.5994643,4.0165327,4.0126581,3.5438565,4.8597291,3.6032282,3.0707734,4.9078333,4.9255692,4.3820595,4.3867,2.5631034,3.5784538,3.3620837,7.0,41.390233,3.220131,7438.87854
PRT,Portugal,2024,Europe & Central Asia,High income,EU,3.4665948,4.4166487,3.9469266,3.3869575,4.0464818,3.8835327,4.0845081,4.9019911,5.1443547,5.2938408,4.348806,1.8863351,3.1644064,4.5780794,7.0,35.8629099,6.9656625,17358.5777
PRY,Paraguay,2019,Latin America & Caribbean,Upper middle income,SA,2.1347546,1.4586886,2.7317073,2.1302535,1.0860697,1.4248348,1.3948663,3.057231,6.0479203,2.1429744,1.9967832,4.830388,4.5860596,5.843761,7.0,70.7702077,1.34035,560.932
PRY,Paraguay,2021,Latin America & Caribbean,Upper middle income,SA,1.2195548,1.4465554,2.7317073,2.1436745,1.1528884,1.3902221,1.3440065,3.0484204,5.6765588,2.0610343,2.1244216,5.7790443,5.1813106,5.8573768,7.0,74.0725371,0.759544,265.160829
PRY,Paraguay,2024,Latin America & Caribbean,Upper middle income,SA,1.209521,1.4440469,2.7357392,2.1690442,1.1514532,1.3961094,1.2490301,3.0867171,5.1152008,2.1134784,2.0357343,6.1443826,5.4618253,5.871115,7.0,62.6177365,1.3630619,557.499766
QAT,Qatar,2019,Middle East & North Africa,High income,AS,1.4716329,1.5929082,4.5956202,1.237213,1.112396,3.2470539,1.3729541,4.3964759,3.8170668,5.0891303,4.0342914,1.4712821,4.5019284,1.5398916,3.2202972,15.7419878,3.264936,6171.68
QAT,Qatar,2021,Middle East & North Africa,High income,AS,1.479552,1.594888,4.5956202,1.2872768,1.1774087,3.2161067,1.4304318,4.4295156,3.2994371,5.0581908,4.0214186,1.8809749,4.3737964,1.5397799,4.6545567,17.607161,2.6266005,4128.489
QAT,Qatar,2024,Middle East & North Africa,High income,AS,1.6919297,1.8646491,4.871655,1.306685,1.27445,3.1455967,1.3003553,3.9722068,3.317333,5.460306,4.2218151,2.6032409,5.1689273,1.4567088,4.6545567,13.7182957,2.8465848,6489.08
ROU,Romania,2019,Europe & Central Asia,High income,EU,1.554683,1.8886707,3.7820513,2.5098111,1.3422584,2.1362937,1.2563444,4.749946,4.3814838,3.449988,3.3663933,4.0730541,5.9186016,2.1118144,1.88467,57.2751331,1.535024,3687.65
ROU,Romania,2021,Europe & Central Asia,High income,EU,1.5068283,1.9017071,3.7820513,2.5621901,1.6028761,2.1368171,1.2584377,4.8072698,3.87605,3.2125759,3.3477693,5.791455,5.9991319,2.118495,1.9750749,75.3053858,0.7603875,1845.42966
ROU,Romania,2024,Europe & Central Asia,High income,EU,1.5205561,2.1718057,3.7845877,2.5818779,1.6118816,2.1600152,1.1911008,4.8147836,3.7038202,3.4312043,3.5009169,7.0,6.2559654,2.1252161,1.9750749,53.2496286,1.6060941,4900.86651
RWA,Rwanda,2019,Sub-Saharan Africa,Low income,AF,1.0750817,1.0687704,4.0567079,1.4570801,1.0559544,1.1224163,1.0819361,4.1783492,3.2178264,2.4063243,3.2139508,3.1556538,3.2537354,2.02942,7.0,32.9160241,6.471874,623.0978
RWA,Rwanda,2021,Sub-Saharan Africa,Low income,AF,1.0803689,1.0700922,4.0567079,1.4619781,1.0808977,1.1291398,1.1088299,4.2047809,3.5158172,2.4324725,3.3191884,3.5231517,3.3833832,2.0375982,7.0,47.0197047,1.9536947,195.481315
RWA,Rwanda,2024,Sub-Saharan Africa,Low income,AF,1.0791457,1.0947864,4.5314189,1.6799466,1.09553,1.117451,1.0620748,4.2404114,4.1237099,2.3992056,3.2195935,3.9033146,3.5360878,2.0458552,7.0,52.3412852,2.9326103,382.995367
SAU,Saudi Arabia,2019,Middle East & North Africa,High income,AS,1.4711368,2.1594509,4.4613066,2.5221516,1.1223252,3.261412,1.2046724,2.6718782,4.4868109,4.9142241,3.3882073,1.3619108,3.8272064,1.5843492,1.3229708,54.7994894,3.302797,23844.3
SAU,Saudi Arabia,2021,Middle East & North Africa,High income,AS,1.3691407,2.2589518,4.4613066,2.6008893,1.5159115,3.2359118,1.2495832,2.7049179,4.4798215,4.5124799,3.5922588,1.8533385,4.7573962,1.5884232,1.321426,66.2016531,1.8371224,12608.737
SAU,Saudi Arabia,2024,Middle East & North Africa,High income,AS,1.3952211,2.5821386,5.0144393,2.9948294,1.6617389,3.3333681,1.2006267,3.0993928,4.4263368,4.9637491,3.8370129,2.1071766,6.0419941,1.5925266,1.321426,48.5788108,3.0354838,30557.1556
SEN,Senegal,2019,Sub-Saharan Africa,Lower middle income,AF,1.1375687,1.5260588,3.5,2.5596986,1.1231357,1.2712242,1.0657926,3.1419746,3.4769364,2.7140768,2.6611276,3.310818,3.3878594,3.278614,3.7385544,68.2686074,4.339049,803.4121
SEN,Senegal,2021,Sub-Saharan Africa,Lower middle income,AF,1.1192338,1.5214751,3.5,2.5790802,1.1674531,1.3296491,1.0776913,3.1485825,2.8995966,2.667962,2.7344943,4.2703845,3.9593862,3.294448,3.9053019,79.841824,1.6249045,397.893757
SEN,Senegal,2024,Sub-Saharan Africa,Lower middle income,AF,1.1418199,1.5771217,4.2648243,2.5906181,1.1886363,1.3871563,1.0701763,3.3282971,2.4743463,2.7336447,2.9205245,5.146644,4.450113,3.3103826,3.9053019,81.5337382,2.467793,657.989264
SGP,Singapore,2019,East Asia & Pacific,High income,AS,5.3444652,2.327783,4.0063438,1.648079,2.4259121,4.9099109,5.7451748,5.2173246,5.9611834,6.2012516,6.5150312,1.8810528,3.6714406,7.0,2.5218487,33.7997501,3.971433,13714.25
SGP,Singapore,2021,East Asia & Pacific,High income,AS,3.301365,1.8670079,4.0063438,1.5985854,2.178444,4.4394097,4.9019556,5.2821029,5.6935234,5.7193099,6.5976823,2.7088634,4.1519167,7.0,3.4317526,50.0061855,1.5457766,5171.498
SGP,Singapore,2024,East Asia & Pacific,High income,AS,2.8406901,1.7518392,4.291806,1.5691299,1.9322429,3.7965551,2.5121902,5.7006056,5.7109717,5.9355144,6.5393143,3.4508237,4.6554555,7.0,3.4317526,42.1388346,2.476381,10549.0761
SLV,El Salvador,2019,Latin America & Caribbean,Upper middle income,SA,1.8850804,1.2962701,2.5882354,1.6271949,1.2707528,1.4774649,1.0697158,3.2120161,4.584706,2.6926715,2.7052825,3.6566884,3.7548212,2.5950214,2.8303856,42.2277325,4.467802,1156.636
SLV,El Salvador,2021,Latin America & Caribbean,Upper middle income,SA,1.3663734,1.1665933,2.5882354,1.6493844,1.3925523,1.4805976,1.0822467,3.2032055,4.4785788,2.5777927,2.8229061,4.2316474,3.9842778,2.606042,2.6547428,56.3411758,1.8841652,467.9679
SLV,El Salvador,2024,Latin America & Caribbean,Upper middle income,SA,1.3948238,1.173706,2.7977353,1.6986628,1.5014906,1.5048152,1.0704803,3.1970231,4.5630814,2.9471667,2.8554372,4.2966707,3.8297722,2.6174022,2.6547428,37.1487023,4.778255,1411.61692
SRB,Serbia,2019,Europe & Central Asia,Upper middle income,EU,1.2741959,1.443549,3.409091,1.5365946,1.0836789,1.7109006,1.1003685,4.7271488,3.5056998,3.2343016,3.2861107,3.6787857,4.3370408,1.315701,2.2401932,29.9817267,2.416654,1154.752
SRB,Serbia,2021,Europe & Central Asia,Upper middle income,EU,1.2977697,1.6661091,3.409091,1.552868,1.1553909,1.7200635,1.1370202,4.7910805,3.6135818,3.1639725,3.3270282,4.187785,4.3606829,1.3165448,2.2971162,34.6518702,0.9501025,498.464942
SRB,Serbia,2024,Europe & Central Asia,Upper middle income,EU,1.2983869,1.7162634,3.7129082,1.5868333,1.1602563,1.7164726,1.0946364,4.5020925,3.7151318,3.3910649,3.5120631,4.5367495,4.2356219,1.3173948,2.2971162,21.8795906,2.5885918,1484.34949
SVN,Slovenia,2019,Europe & Central Asia,High income,EU,1.3612254,1.506973,2.7530863,2.4340216,2.2015799,1.5168086,1.2139695,4.8909591,5.3417993,2.7098588,4.7988812,4.0542834,5.1315675,3.621577,2.8191283,33.4515109,3.442441,1889.367
SVN,Slovenia,2021,Europe & Central Asia,High income,EU,1.2985559,1.5163056,2.7530863,2.5219788,2.9186399,1.5427818,1.105117,4.935067,5.6443164,2.1392965,4.829858,3.0507009,4.1482385,3.6410575,2.8668932,58.1331297,2.6785245,1409.06692
SVN,Slovenia,2024,Europe & Central Asia,High income,EU,1.2953518,1.6155046,2.8702865,2.5255415,2.8558594,1.5325307,1.0641127,4.9423791,5.6749142,2.2642833,4.7173702,1.6332844,3.2040443,3.660681,2.8668932,39.4899035,4.00951,2440.38129
SWE,Sweden,2019,Europe & Central Asia,High income,EU,2.0566281,2.1849904,4.147541,2.6679957,2.6170858,4.0322126,1.9821423,4.8256278,4.3189905,4.9443307,4.6625837,4.5066299,5.9967611,2.3277214,1.3311035,56.5274485,2.432829,13471.96
SWE,Sweden,2021,Europe & Central Asia,High income,EU,1.8293818,2.1281788,4.147541,2.8157377,3.3627256,4.2938612,2.1066566,4.8697357,4.473847,4.0064938,4.6560375,4.4210763,5.1077811,1.9975046,1.3911485,74.3626125,1.54385,8287.922
SWE,Sweden,2024,Europe & Central Asia,High income,EU,1.8074294,2.3393573,4.632186,2.8741096,3.5209792,4.2049643,1.7601483,4.8770271,4.5436211,4.2142686,4.630495,4.1828843,4.1200239,2.2832043,1.3911485,69.1556663,2.4852378,14575.6483
THA,Thailand,2019,East Asia & Pacific,Upper middle income,AS,2.754337,2.1469176,4.5754719,4.5604175,4.7888132,4.7399038,5.7802214,4.2308201,4.7358469,5.4977251,3.6004711,2.1439844,2.8195043,2.6933644,2.454884,19.7602257,9.617188,48863.1
THA,Thailand,2021,East Asia & Pacific,Upper middle income,AS,3.0823895,2.612264,4.5754719,4.8717208,5.2939912,4.342035,4.9362516,4.3471609,4.4118046,5.0205232,3.7413511,1.3720082,2.8321697,2.7060636,3.039294,56.9327128,3.7042909,18393.7111
THA,Thailand,2024,East Asia & Pacific,Upper middle income,AS,3.1181741,2.8628769,4.1033556,4.5489828,3.5711457,4.1746991,3.4936167,4.3395783,4.1416442,4.8899117,3.7612051,1.0,2.6704861,2.7188588,3.039294,66.0011274,4.8031387,23711.9732
TJK,Tajikistan,2019,Europe & Central Asia,Lower middle income,AS,1.0512396,1.2878099,4.8571429,2.1629592,1.0128978,1.0843135,1.0039955,2.7272251,3.3242789,2.4928161,2.8173837,3.5226521,3.6945919,2.733931,5.304078,61.3282465,3.023242,221.028
TJK,Tajikistan,2021,Europe & Central Asia,Lower middle income,AS,1.0379783,1.2844946,4.8571429,2.1666978,1.0316432,1.0873313,1.016067,2.7360357,3.5943837,2.2828049,2.9391742,3.7771201,3.6847671,2.7443506,5.244532,76.7011986,1.3119817,106.079333
TJK,Tajikistan,2024,Europe & Central Asia,Lower middle income,AS,1.0407424,1.4601856,4.8571429,2.36612,1.0287541,1.1375714,1.0052838,2.6454419,3.2109514,2.3786668,2.9391742,3.8858154,3.8842289,2.7548325,5.244532,72.0922956,2.1392577,252.6638
TTO,Trinidad and Tobago,2019,Latin America & Caribbean,High income,SA,1.3437956,1.1859489,2.3421052,1.472952,1.1183344,1.1535455,1.0691804,4.3620148,4.521271,2.6570245,3.3275365,3.6501879,4.0305304,2.2627636,3.1753539,64.0309873,2.93191,779.5673
TTO,Trinidad and Tobago,2021,Latin America & Caribbean,High income,SA,1.0436115,1.2775695,2.3421052,1.4580209,1.0440407,1.273531,1.0750199,4.3752307,4.0624543,2.6156355,3.6628414,3.954389,4.2299473,2.2703516,3.6115234,85.237858,1.4110595,357.240468
TTO,Trinidad and Tobago,2024,Latin America & Caribbean,High income,SA,1.0421296,1.2771991,2.4732106,1.4747249,1.0427558,1.2858765,1.0608342,4.7136925,4.0156223,2.7247338,3.5958577,3.8547048,4.2180698,2.277985,3.6115234,74.0285352,2.7838545,738.238156
TUN,Tunisia,2019,Middle East & North Africa,Lower middle income,AF,1.2513986,1.5545163,2.9347825,1.9771044,1.2426973,2.6403099,4.9058738,3.4009218,5.2788064,3.0719462,2.7068202,1.9734508,2.3853786,5.4997102,4.4784156,52.9152715,8.047027,3265.902
TUN,Tunisia,2021,Middle East & North Africa,Lower middle income,AF,1.2665706,1.7083093,2.9347825,2.0105331,1.4096612,2.5869546,4.6924528,3.4207456,5.3069348,2.6013855,2.6657869,2.4969798,2.5682155,5.530114,4.835735,63.1675618,3.2061684,1253.102
TUN,Tunisia,2024,Middle East & North Africa,Lower middle income,AF,1.2653946,1.8330153,3.509463,2.0245041,1.4181297,2.640868,4.5639475,3.4256642,5.5978563,2.9491546,2.6919182,3.1155172,2.8311283,5.560971,4.835735,63.1673836,4.81408,2202.44384
TUR,Turkiye,2019,Europe & Central Asia,Upper middle income,AS,2.3497295,4.379099,2.8492064,2.6375372,2.1135308,3.8488992,3.1261873,3.8712443,5.3546837,5.2959809,3.6108207,7.0,4.4276605,4.4510176,4.2221727,38.6145063,4.287418,33783.9
TUR,Turkiye,2021,Europe & Central Asia,Upper middle income,AS,2.3753221,4.7438305,2.8492064,2.8204154,3.0380235,3.8492047,3.5914112,3.8580285,5.2474611,5.0076866,3.8214491,5.8556628,4.2722698,3.4476982,4.4033309,47.15699,1.7219193,12287.5595
TUR,Turkiye,2024,Europe & Central Asia,Upper middle income,AS,2.3723191,4.9597464,2.9230092,3.4993978,3.4626572,4.2260733,5.0308182,4.1639833,6.1240366,5.5004702,3.7236933,4.8036695,4.0730919,5.6345545,4.4033309,31.2707479,4.418604,39339.7369
TZA,Tanzania,2019,Sub-Saharan Africa,Lower middle income,AF,1.0675881,1.604397,4.0240965,4.694685,1.5740693,1.5561758,1.0797061,4.1539648,5.0279072,2.8040031,2.8990663,4.9313913,4.6637543,4.4660746,1.9603266,32.9268355,3.986837,2265.162
TZA,Tanzania,2021,Sub-Saharan Africa,Lower middle income,AF,1.0534129,1.6008532,4.0240965,4.7240918,1.7194917,1.5550141,1.0750594,4.1803965,5.0457626,2.9638337,3.3120705,7.0,6.1089889,4.4918385,2.2802877,46.0797029,1.2841466,848.3395
TZA,Tanzania,2024,Sub-Saharan Africa,Lower middle income,AF,1.076906,1.6067265,4.035365,4.7685245,1.7696687,1.5586291,1.0517521,4.220185,5.2967997,2.9430988,3.2933049,7.0,6.8408717,4.5182554,2.2802877,35.5084162,2.314331,1783.03647
URY,Uruguay,2019,Latin America & Caribbean,High income,SA,1.4345409,1.7253019,2.2647059,1.6381099,1.3498536,1.6320154,1.1023312,3.2032386,5.3693589,2.8796338,2.9807535,2.1554942,2.8730312,4.1131474,3.6340086,65.660577,9.129972,5534.021
URY,Uruguay,2021,Latin America & Caribbean,High income,SA,1.3139084,1.7201438,2.2647059,1.6587466,1.4005255,1.6387832,1.1294026,3.2032386,5.0093965,2.6031998,3.2632595,1.3757239,2.112685,4.1274508,3.9039575,78.2107637,5.0201797,2319.98682
URY,Uruguay,2024,Latin America & Caribbean,High income,SA,1.2832779,1.7124861,2.5820512,1.668753,1.3547038,2.1079538,1.1200065,3.2018494,4.563282,2.6591329,3.3114177,1.8146625,2.4712033,4.1418198,3.9039575,71.139814,6.692183,4727.90432
USA,United States,2019,North America,High income,,4.221227,5.0678068,5.0676694,6.029082,2.1454102,6.4105913,6.2439899,4.7702599,5.1997835,6.4095389,4.8105983,3.2651637,4.603394,4.1162944,3.3925801,81.1798944,2.707472,554872.9
USA,United States,2021,North America,High income,,3.6998737,4.9624684,5.0676694,6.1920053,2.9600266,6.6228404,7.0,4.7768679,4.974899,5.8175056,4.6650011,3.4145493,4.7290399,3.3959086,3.9159255,93.8600575,1.7014147,356153.0
USA,United States,2024,North America,High income,,3.9709402,5.0552351,5.0703273,6.2346382,3.1731911,6.6281634,7.0,4.777624,4.9392682,6.147923,4.4194403,4.1192394,5.2930657,4.5875764,3.9159255,91.0770934,2.437185,619778.8
VEN,Venezuela,2019,Latin America & Caribbean,,SA,1.5384546,1.8346136,1.7543859,4.3912645,1.3940553,2.3044331,1.5352701,2.8594905,4.3755554,2.1477978,1.8136333,3.6291596,3.894819,3.1699132,5.3105714,92.2888424,3.727964,3138.652
VEN,Venezuela,2021,Latin America & Caribbean,,SA,1.579945,1.8949863,1.7543859,4.4534673,1.6570059,2.2717444,1.3379881,2.8330588,4.1893764,2.023686,1.8766365,3.7427787,3.6640369,3.1836682,5.2576089,89.6694462,2.5388482,740.2319
VEN,Venezuela,2024,Latin America & Caribbean,,SA,1.6696773,1.9674193,2.0203342,4.519661,1.7434271,2.0477243,1.22134,2.845771,4.0828955,2.2629289,2.0849216,4.0963259,3.6811994,3.1975105,5.2576089,89.8081434,3.662698,1125.12469
VNM,Viet Nam,2019,East Asia & Pacific,Lower middle income,AS,2.6655683,2.5538921,4.40625,3.7675427,2.4627097,3.2456761,2.1911563,3.4291586,4.024716,4.1441293,3.1642841,1.0,1.0383628,1.880869,2.2347813,48.8555443,6.015519,14628.56
VNM,Viet Nam,2021,East Asia & Pacific,Lower middle income,AS,2.4932525,2.7274798,4.40625,3.816263,2.7064582,3.1864497,2.3155615,3.559562,3.8777499,4.3274052,3.6660975,1.0,1.0,1.887167,3.5430692,68.0399787,2.4150028,8235.678
VNM,Viet Nam,2024,East Asia & Pacific,Lower middle income,AS,2.3949114,2.8028945,4.3910287,3.7834244,2.2983701,3.0864274,1.6374827,3.6148869,3.6338146,4.035986,3.6532056,1.0,1.0,1.8935103,3.5430692,74.9439914,2.9992294,12114.3208
ZAF,South Africa,2019,Sub-Saharan Africa,Upper middle income,AF,1.6042018,2.5218838,3.2978723,4.7690807,2.4084723,3.8328258,1.6232015,3.9178309,4.3425393,3.9174083,3.3664465,1.7930901,4.4775816,1.3343261,5.8245263,55.9128383,2.810716,10499.09
ZAF,South Africa,2021,Sub-Saharan Africa,Upper middle income,AF,1.5582263,2.6770566,3.2978723,4.8793783,2.7904191,4.0546796,1.632397,3.9376547,4.4987404,3.6942044,3.2355409,1.7507229,4.2676313,1.3366342,6.6551487,66.6857414,1.340075,3988.06024
ZAF,South Africa,2024,Sub-Saharan Africa,Upper middle income,AF,1.5373592,2.6718398,3.9551766,4.855707,2.5077015,4.1900305,1.5321722,4.3509949,4.3797386,3.6878176,3.3270312,2.5087331,3.9489807,1.3389585,6.6551487,76.8937108,2.4589713,9988.012
ZMB,Zambia,2019,Sub-Saharan Africa,Lower middle income,AF,1.0944677,1.2736169,2.9555554,3.1030418,1.1054369,1.3299493,1.0153242,2.9973265,3.8774142,2.281986,2.5546752,3.6982895,3.1638344,2.301676,5.2735794,46.9155859,3.139535,811.3219
ZMB,Zambia,2021,Sub-Saharan Africa,Lower middle income,AF,1.1008223,1.3252056,2.9555554,3.1241038,1.1362918,1.2743135,1.0145819,3.006137,4.0968725,2.2362822,2.549711,3.9199472,3.4396222,2.310892,5.4236372,44.6320389,1.6468341,318.3601
ZMB,Zambia,2024,Sub-Saharan Africa,Lower middle income,AF,1.0712887,1.3678222,3.3517835,3.1395323,1.1605353,1.2923353,1.0260591,3.2776914,3.9431489,2.2899673,2.5376582,4.1928517,3.7388032,2.3201688,5.4236372,51.4911313,1.7501637,498.401284
ZWE,Zimbabwe,2019,Sub-Saharan Africa,Lower middle income,AF,1.1038035,1.3009509,3.23077,2.9365617,1.0724072,1.5145915,1.0337207,3.6280338,4.2014102,2.145741,2.2580057,3.7214201,3.6301971,2.586664,4.7596776,77.6245893,2.368955,422.4195
ZWE,Zimbabwe,2021,Sub-Saharan Africa,Lower middle income,AF,1.0874762,1.3468691,3.23077,2.9427473,1.1031836,1.4404514,1.0374964,3.6346417,3.3345512,2.1121489,2.3430736,4.3094941,4.0003618,2.6081017,5.115527,92.0091916,1.4690509,223.032326
ZWE,Zimbabwe,2024,Sub-Saharan Africa,Lower middle income,AF,1.075627,1.3439067,3.3449168,2.953876,1.1059967,1.4492021,1.0311342,3.7039849,2.7837246,2.2029834,2.3774628,4.3748403,3.9976118,2.62953,5.115527,82.7514308,2.0878518,433.014
